img,n_tiles,tile_confs,tile_nboxes,full_conf640,w,h
1692846890.305293.png,10,0.000000;0.256868;0.502391;0.473288;0.439476;0.485986;0.233135;0.052051;0.075351;0.392317,0;2;2;6;5;2;5;1;1;6,0.0,2560,960
1692846890.641196.png,10,0.000000;0.198629;0.556441;0.574054;0.378386;0.465307;0.244885;0.477787;0.633771;0.558268,0;3;4;11;4;2;6;2;4;5,0.0,2560,960
1692846890.973237.png,10,0.000000;0.099451;0.528758;0.615335;0.439408;0.444748;0.130494;0.296892;0.641234;0.516141,0;2;3;6;3;2;7;2;4;5,0.0,2560,960
1692846891.304939.png,10,0.000000;0.153823;0.513171;0.402775;0.348732;0.281959;0.223206;0.545860;0.472362;0.304720,0;3;3;7;5;2;9;1;1;7,0.0,2560,960
1692846891.641807.png,10,0.000000;0.138704;0.542814;0.511672;0.504928;0.345342;0.197081;0.000000;0.561722;0.603585,0;2;2;11;5;2;7;0;4;5,0.0,2560,960
1692846891.973177.png,10,0.000000;0.149455;0.561935;0.606501;0.404323;0.348952;0.158409;0.477917;0.635085;0.541547,0;2;3;8;5;2;6;1;2;5,0.0,2560,960
1692846892.305127.png,10,0.000000;0.178176;0.535997;0.487164;0.555943;0.268776;0.193481;0.357841;0.493293;0.255904,0;3;3;6;3;3;7;1;3;2,0.0,2560,960
1692846892.641099.png,10,0.000000;0.155240;0.579045;0.169903;0.531556;0.350332;0.192389;0.197288;0.288558;0.513057,0;2;3;6;4;2;7;4;2;3,0.0,2560,960
1692846892.973081.png,10,0.000000;0.156112;0.543734;0.428578;0.506405;0.331087;0.171776;0.276973;0.563783;0.589649,0;3;4;8;6;2;9;4;3;6,0.0,2560,960
1692846893.305775.png,10,0.000000;0.145296;0.559870;0.321109;0.524221;0.424740;0.193740;0.102530;0.172657;0.448623,0;3;2;3;4;3;6;1;1;4,0.0,2560,960
1692846893.641169.png,10,0.000000;0.111657;0.494427;0.249911;0.636962;0.344852;0.291282;0.460437;0.257331;0.588661,0;2;3;5;7;3;7;2;1;5,0.0,2560,960
1692846893.973204.png,10,0.000000;0.113472;0.494374;0.427775;0.571414;0.307808;0.272850;0.231248;0.087775;0.624425,0;2;3;6;5;3;8;1;2;4,0.0,2560,960
1692846894.305359.png,10,0.000000;0.196352;0.446863;0.377790;0.272656;0.183427;0.222416;0.266022;0.458249;0.313292,0;2;2;9;6;3;5;2;3;7,0.0,2560,960
1692846894.641509.png,10,0.000000;0.127278;0.514461;0.564629;0.517999;0.086556;0.168779;0.340622;0.600311;0.492111,0;2;3;6;6;3;7;2;4;3,0.0,2560,960
1692846894.973511.png,10,0.000000;0.144918;0.515531;0.604936;0.602961;0.263615;0.222955;0.203689;0.673192;0.402580,0;2;3;8;3;3;6;1;3;4,0.0,2560,960
1692846895.305503.png,10,0.000000;0.137866;0.489599;0.425502;0.508239;0.196627;0.178547;0.251854;0.411034;0.661287,0;2;3;5;2;3;6;1;1;3,0.0,2560,960
1692846895.641467.png,10,0.000000;0.108370;0.547171;0.509198;0.461730;0.104861;0.233845;0.376194;0.597606;0.492279,0;2;4;10;3;2;5;3;3;1,0.0,2560,960
1692846895.973340.png,10,0.000000;0.140870;0.530743;0.476054;0.394195;0.178951;0.311679;0.407824;0.611736;0.375938,0;2;3;4;6;3;5;1;3;5,0.0,2560,960
1692846896.305133.png,10,0.000000;0.108767;0.576301;0.358611;0.497371;0.158219;0.258993;0.098807;0.000000;0.504715,0;2;2;3;6;2;3;1;0;4,0.0,2560,960
1692846896.641231.png,10,0.000000;0.126545;0.531713;0.389949;0.604385;0.168472;0.118200;0.309288;0.486643;0.658494,0;2;4;4;5;2;5;3;6;4,0.0,2560,960
1692846896.973155.png,10,0.000000;0.088853;0.542256;0.496428;0.390394;0.168185;0.244618;0.375137;0.592402;0.541074,0;2;3;8;5;2;6;1;3;6,0.0,2560,960
1692846897.305493.png,10,0.000000;0.121072;0.573362;0.442176;0.433472;0.143078;0.113656;0.485684;0.440059;0.574326,0;2;3;8;3;1;5;4;2;4,0.0,2560,960
1692846897.641277.png,10,0.000000;0.141258;0.577269;0.329293;0.482629;0.135654;0.110112;0.459377;0.499963;0.139856,0;3;3;5;4;1;6;1;2;3,0.0,2560,960
1692846897.973075.png,10,0.000000;0.103540;0.479534;0.554388;0.570393;0.222181;0.114079;0.488610;0.597686;0.604929,0;2;3;5;5;1;5;3;5;6,0.0,2560,960
1692846898.305021.png,10,0.000000;0.060177;0.546693;0.497653;0.535682;0.240869;0.211936;0.218878;0.125378;0.174740,0;1;2;4;4;1;5;2;2;3,0.0,2560,960
1692846898.641009.png,10,0.000000;0.000000;0.526014;0.270005;0.469639;0.323973;0.151310;0.000000;0.429218;0.566090,0;0;2;3;5;2;3;0;5;2,0.0,2560,960
1692846898.973549.png,10,0.000000;0.089551;0.531628;0.222736;0.285139;0.210009;0.118087;0.000000;0.487853;0.359703,0;2;2;7;5;1;4;0;3;3,0.0,2560,960
1692846899.305877.png,10,0.000000;0.059183;0.500873;0.496520;0.547161;0.220506;0.218852;0.000000;0.475832;0.215511,0;3;2;10;5;1;5;0;3;2,0.0,2560,960
1692846899.641071.png,10,0.000000;0.075090;0.552288;0.551029;0.439296;0.256464;0.099078;0.264745;0.000000;0.460564,0;1;2;13;5;1;4;2;0;3,0.0,2560,960
1692846899.973100.png,10,0.141210;0.221304;0.518798;0.396352;0.547828;0.234362;0.130787;0.438815;0.413302;0.618128,2;3;3;10;2;1;6;2;5;3,0.0,2560,960
1692846900.305326.png,10,0.350256;0.359557;0.541685;0.447615;0.402228;0.393577;0.164976;0.063469;0.532313;0.496942,4;4;3;15;9;1;3;1;6;3,0.0,2560,960
1692846900.641136.png,10,0.340321;0.453271;0.562331;0.362735;0.194979;0.396502;0.159666;0.227913;0.246303;0.396143,2;3;3;4;2;2;5;1;2;3,0.0,2560,960
1692846900.973246.png,10,0.477591;0.582426;0.532999;0.564230;0.532312;0.428211;0.139677;0.000000;0.604009;0.351949,2;2;2;4;3;1;5;0;3;5,0.0,2560,960
1692846901.305626.png,10,0.362796;0.521283;0.546156;0.339903;0.532968;0.455839;0.130014;0.075643;0.488372;0.461378,2;2;2;7;4;1;7;1;5;3,0.0,2560,960
1692846901.641939.png,10,0.485343;0.621333;0.493478;0.290872;0.442049;0.479748;0.136632;0.371777;0.547091;0.297142,2;2;3;12;5;2;3;1;2;3,0.0,2560,960
1692846901.973671.png,10,0.601541;0.703639;0.533745;0.461887;0.517526;0.438325;0.111495;0.298602;0.586428;0.437672,1;2;3;6;5;2;6;1;4;3,0.0,2560,960
1692846902.305388.png,10,0.469018;0.619058;0.539600;0.375045;0.411503;0.408767;0.137852;0.159345;0.188947;0.501796,1;3;2;4;6;2;3;2;1;3,0.0,2560,960
1692846902.641203.png,10,0.530918;0.627472;0.529184;0.416105;0.477164;0.382291;0.117404;0.192284;0.430892;0.569108,2;2;3;6;5;2;3;1;3;5,0.079019,2560,960
1692846902.973392.png,10,0.564130;0.665070;0.537367;0.442344;0.517022;0.307452;0.091096;0.442370;0.493373;0.486594,2;2;3;4;4;1;3;2;2;4,0.0,2560,960
1692846903.305441.png,10,0.576333;0.656956;0.561898;0.269745;0.420279;0.466560;0.080325;0.329991;0.467461;0.293513,2;2;3;3;6;1;4;2;3;4,0.104962,2560,960
1692846903.641633.png,10,0.594389;0.666737;0.523502;0.426949;0.446637;0.553234;0.101474;0.142479;0.548787;0.589427,2;3;2;7;6;1;4;1;3;6,0.058266,2560,960
1692846903.973799.png,10,0.648811;0.710104;0.559518;0.546851;0.290734;0.589535;0.061776;0.000000;0.390208;0.523331,2;2;2;7;1;1;2;0;4;2,0.267222,2560,960
1692846904.305463.png,10,0.678164;0.712327;0.541455;0.494015;0.562718;0.607483;0.051304;0.379134;0.080786;0.147298,2;2;3;5;3;1;2;1;2;2,0.19366,2560,960
1692846904.641126.png,10,0.717207;0.751309;0.489469;0.615628;0.464211;0.425340;0.074773;0.234140;0.658424;0.069479,2;2;5;5;4;1;3;3;2;2,0.255562,2560,960
1692846904.973381.png,10,0.677688;0.722999;0.510032;0.382687;0.485193;0.449166;0.081974;0.051560;0.000000;0.357576,2;2;2;5;6;1;2;1;0;2,0.477324,2560,960
1692846905.305436.png,10,0.632320;0.689342;0.491408;0.481933;0.538292;0.392097;0.070178;0.142898;0.346088;0.403690,2;2;2;6;10;1;2;1;2;8,0.245431,2560,960
1692846905.641322.png,10,0.802806;0.824131;0.493785;0.584510;0.227829;0.406219;0.145104;0.319083;0.623374;0.278396,1;1;4;6;3;1;3;3;3;3,0.676484,2560,960
1692846905.973393.png,10,0.814401;0.827954;0.494525;0.493771;0.246257;0.361934;0.177625;0.079162;0.535008;0.058535,1;1;3;8;2;1;4;1;4;1,0.716133,2560,960
1692846906.305501.png,10,0.785870;0.806286;0.591009;0.265208;0.217319;0.413058;0.146126;0.372203;0.132858;0.399591,1;1;2;3;2;1;3;2;2;3,0.644622,2560,960
1692846906.641068.png,10,0.793311;0.855878;0.472012;0.720095;0.471041;0.791965;0.799146;0.362207;0.606615;0.569180,1;1;3;6;6;2;2;2;2;3,0.619432,2560,960
1692846906.973035.png,10,0.833349;0.855103;0.575121;0.387378;0.535099;0.872896;0.882674;0.193061;0.486203;0.443711,1;1;3;12;5;2;1;3;5;3,0.512748,2560,960
1692846907.305066.png,10,0.696602;0.696255;0.551615;0.681971;0.277217;0.730618;0.745924;0.102276;0.685979;0.309507,1;1;2;8;5;3;1;1;1;7,0.0,2560,960
1692846907.641232.png,10,0.843794;0.868219;0.540150;0.808546;0.478707;0.853917;0.870041;0.000000;0.820017;0.180573,1;2;2;3;1;2;1;0;4;1,0.298855,2560,960
1692846907.973338.png,10,0.819278;0.858997;0.571068;0.827553;0.387454;0.823890;0.853523;0.112959;0.837009;0.479535,1;1;2;5;4;2;1;1;1;5,0.633813,2560,960
1692846908.305321.png,10,0.789967;0.861972;0.543631;0.822466;0.200409;0.781729;0.861882;0.285963;0.834263;0.355982,1;1;3;12;6;2;1;2;2;5,0.552326,2560,960
1692846908.641603.png,10,0.787900;0.889152;0.535832;0.889629;0.351166;0.809256;0.885259;0.140881;0.892650;0.460264,1;1;2;13;10;1;1;2;2;5,0.455002,2560,960
1692846908.973062.png,10,0.815123;0.854319;0.540935;0.818810;0.386986;0.842226;0.851787;0.234746;0.846352;0.516751,1;1;4;19;8;1;1;2;4;6,0.406105,2560,960
1692846909.305320.png,10,0.807743;0.885060;0.485359;0.852278;0.685438;0.836933;0.878145;0.294580;0.857900;0.517834,2;1;3;9;10;1;1;2;2;8,0.655456,2560,960
1692846909.641101.png,10,0.703884;0.874795;0.586553;0.847709;0.636523;0.762671;0.870195;0.078565;0.854269;0.634480,1;1;2;6;10;3;1;1;4;9,0.720371,2560,960
1692846909.973310.png,10,0.188542;0.861806;0.477040;0.740404;0.614673;0.214116;0.874051;0.133954;0.789896;0.419597,2;1;3;5;6;6;1;1;2;7,0.320294,2560,960
1692846910.305133.png,10,0.366554;0.768945;0.469247;0.662799;0.463797;0.344855;0.795975;0.473530;0.679872;0.264501,2;1;3;9;7;4;1;2;5;4,0.221017,2560,960
1692846910.641067.png,10,0.073681;0.730755;0.510319;0.760404;0.614049;0.275803;0.778677;0.222792;0.719939;0.677496,2;1;3;8;7;4;2;1;4;9,0.073158,2560,960
1692846910.973606.png,10,0.152932;0.779887;0.539827;0.386447;0.452964;0.259685;0.833079;0.000000;0.318029;0.423135,4;1;2;5;6;4;2;0;3;3,0.15658,2560,960
1692846911.305099.png,10,0.304288;0.738937;0.537794;0.599225;0.560602;0.426330;0.833222;0.260785;0.633971;0.516015,3;1;3;5;8;2;2;2;2;3,0.390961,2560,960
1692846911.637406.png,10,0.339983;0.839088;0.511652;0.396807;0.680020;0.437029;0.878079;0.476794;0.521271;0.754078,2;1;3;9;5;3;1;1;4;6,0.113933,2560,960
1692846911.973077.png,10,0.000000;0.815596;0.509098;0.567860;0.738844;0.246385;0.865187;0.317669;0.289722;0.720022,0;1;4;9;4;2;2;1;4;3,0.315516,2560,960
1692846912.305138.png,10,0.000000;0.714731;0.510538;0.467397;0.639135;0.201794;0.775869;0.000000;0.425326;0.527159,0;1;2;6;9;3;2;0;3;3,0.106328,2560,960
1692846912.637188.png,10,0.000000;0.653310;0.569824;0.602863;0.573132;0.156317;0.732010;0.266054;0.711025;0.623558,0;1;3;6;6;2;1;3;1;7,0.452626,2560,960
1692846912.973290.png,10,0.000000;0.764494;0.522262;0.776368;0.755233;0.164383;0.803075;0.159492;0.788977;0.792366,0;1;4;7;12;2;1;3;1;8,0.230174,2560,960
1692846913.305702.png,10,0.000000;0.835114;0.500112;0.728115;0.768137;0.289071;0.840064;0.398722;0.756193;0.782738,0;1;3;10;6;3;1;3;1;4,0.598165,2560,960
1692846913.637888.png,10,0.000000;0.846142;0.542863;0.816451;0.812748;0.194451;0.857122;0.050026;0.839080;0.839229,0;1;2;5;8;4;1;1;1;7,0.523887,2560,960
1692846913.973124.png,10,0.000000;0.883497;0.550652;0.853459;0.857244;0.199765;0.885731;0.501626;0.858729;0.861146,0;1;3;9;9;4;1;1;3;4,0.459212,2560,960
1692846914.305233.png,10,0.000000;0.858492;0.520082;0.679212;0.849120;0.337876;0.859879;0.137470;0.845252;0.851944,0;1;2;7;3;2;2;2;2;4,0.715395,2560,960
1692846914.637095.png,10,0.000000;0.813298;0.523979;0.824965;0.819452;0.229419;0.821381;0.285722;0.831274;0.829358,0;2;4;7;5;2;2;1;2;3,0.690532,2560,960
1692846914.973358.png,10,0.061291;0.889631;0.543298;0.869722;0.861834;0.262449;0.893367;0.000000;0.878795;0.882073,1;2;2;6;5;3;2;0;1;3,0.403353,2560,960
1692846915.305381.png,10,0.770180;0.854615;0.452590;0.847166;0.555310;0.795979;0.859674;0.236911;0.849449;0.600233,1;2;3;6;5;2;2;3;2;5,0.636275,2560,960
1692846915.637735.png,10,0.881224;0.887865;0.533579;0.860651;0.279167;0.884571;0.893388;0.109047;0.857772;0.313002,1;1;3;12;7;1;3;2;4;7,0.591062,2560,960
1692846915.973727.png,10,0.881079;0.898613;0.363916;0.859483;0.569436;0.890200;0.901902;0.218767;0.859307;0.652563,1;2;5;7;6;1;2;4;1;5,0.636543,2560,960
1692846916.305618.png,10,0.828884;0.859644;0.502749;0.854642;0.481568;0.833922;0.865264;0.216473;0.864121;0.339541,1;1;3;9;3;1;4;2;1;3,0.331751,2560,960
1692846916.637681.png,10,0.821758;0.831628;0.419791;0.835017;0.571246;0.827352;0.844874;0.000000;0.844418;0.611157,1;1;2;6;3;2;3;0;2;6,0.122669,2560,960
1692846916.973527.png,10,0.829170;0.846503;0.430446;0.831900;0.426436;0.833188;0.863044;0.334963;0.833355;0.402147,1;1;3;6;5;1;2;2;1;5,0.092958,2560,960
1692846917.305762.png,10,0.785675;0.805622;0.477444;0.799366;0.535531;0.798472;0.819989;0.361800;0.795802;0.518404,1;2;3;6;6;1;2;1;1;4,0.492526,2560,960
1692846917.637604.png,10,0.834125;0.851608;0.488652;0.823388;0.578850;0.847861;0.861458;0.257326;0.825877;0.631937,1;1;3;5;6;1;3;2;1;3,0.54183,2560,960
1692846917.973602.png,10,0.811347;0.833425;0.517245;0.809726;0.384581;0.833487;0.860500;0.124333;0.818823;0.107641,1;1;3;10;6;1;2;3;3;2,0.255984,2560,960
1692846918.305518.png,10,0.741265;0.828883;0.469539;0.738900;0.484522;0.743914;0.851781;0.124495;0.765152;0.521231,2;2;2;5;6;3;3;3;4;7,0.453669,2560,960
1692846918.637582.png,10,0.748348;0.823002;0.483950;0.788640;0.565775;0.784676;0.843833;0.232620;0.795439;0.590500,1;1;3;3;9;1;2;1;1;8,0.167687,2560,960
1692846918.973746.png,10,0.808450;0.848722;0.464175;0.805388;0.456148;0.819549;0.852494;0.426603;0.823722;0.540770,1;1;4;8;7;1;3;2;1;4,0.106377,2560,960
1692846919.305598.png,10,0.799324;0.822354;0.559208;0.797921;0.543053;0.815210;0.844351;0.097109;0.808376;0.451872,1;2;2;7;6;1;2;2;2;5,0.220236,2560,960
1692846919.637278.png,10,0.739820;0.784859;0.485179;0.788792;0.529522;0.759851;0.798549;0.423190;0.799105;0.452046,2;1;4;6;5;3;2;3;2;5,0.077157,2560,960
1692846919.973836.png,10,0.664090;0.819599;0.498670;0.588714;0.415458;0.714118;0.846544;0.165477;0.577016;0.449727,2;1;3;14;9;3;3;2;4;7,0.096142,2560,960
1692846920.305148.png,10,0.846870;0.871735;0.412683;0.762464;0.640756;0.869274;0.892858;0.000000;0.793979;0.485429,1;1;2;4;7;1;3;0;3;4,0.092648,2560,960
1692846920.637528.png,10,0.770525;0.791803;0.489723;0.732218;0.524266;0.827687;0.854270;0.197260;0.786536;0.417103,1;1;3;4;9;1;3;4;1;7,0.094188,2560,960
1692846920.973006.png,10,0.818339;0.819542;0.544856;0.802678;0.597497;0.874351;0.873892;0.406191;0.873229;0.426243,1;1;4;3;5;1;4;2;2;4,0.583357,2560,960
1692846921.305292.png,10,0.813886;0.836455;0.486656;0.515299;0.504255;0.706518;0.762793;0.068123;0.666409;0.351404,1;1;2;5;7;2;5;1;1;10,0.711289,2560,960
1692846921.637097.png,10,0.764764;0.781520;0.495672;0.275236;0.628554;0.096042;0.159347;0.302830;0.578250;0.608086,1;1;3;7;9;3;4;2;5;9,0.696898,2560,960
1692846921.973450.png,10,0.820328;0.828655;0.474500;0.645890;0.615839;0.089075;0.161014;0.000000;0.513489;0.444870,1;1;2;4;7;2;3;0;1;5,0.682435,2560,960
1692846922.305527.png,10,0.780715;0.775848;0.468333;0.309012;0.539677;0.000000;0.362914;0.184354;0.181542;0.368056,1;1;3;5;8;0;3;1;2;5,0.569211,2560,960
1692846922.637207.png,10,0.763800;0.757776;0.506295;0.550737;0.586259;0.094404;0.264551;0.166784;0.604632;0.246660,1;1;3;10;7;1;2;4;3;7,0.42725,2560,960
1692846922.973383.png,10,0.734168;0.764028;0.483288;0.230887;0.353844;0.133830;0.338369;0.300082;0.162747;0.463154,1;1;4;7;5;2;3;2;1;4,0.297688,2560,960
1692846923.305460.png,10,0.687331;0.707200;0.483484;0.317739;0.275993;0.064876;0.277374;0.427282;0.324252;0.253964,2;2;4;4;6;1;8;2;1;3,0.338941,2560,960
1692846923.637735.png,10,0.738429;0.773446;0.507725;0.283392;0.453717;0.060522;0.240230;0.375751;0.110017;0.576393,2;3;3;6;6;2;4;2;1;2,0.244218,2560,960
1692846923.973479.png,10,0.681865;0.711196;0.424771;0.272464;0.550991;0.067947;0.338479;0.209718;0.000000;0.582656,2;2;4;7;5;1;3;3;0;3,0.133995,2560,960
1692846924.305691.png,10,0.659086;0.700965;0.493423;0.321851;0.275550;0.056714;0.319449;0.543247;0.085604;0.310635,2;2;3;3;1;1;7;1;2;3,0.058331,2560,960
1692846924.637678.png,10,0.645176;0.705597;0.483983;0.244810;0.270452;0.102602;0.273337;0.405770;0.279788;0.359994,2;3;4;8;6;2;5;4;3;5,0.0,2560,960
1692846924.973392.png,10,0.588875;0.704168;0.439209;0.437655;0.478669;0.071333;0.258795;0.388924;0.063362;0.596877,1;1;4;3;4;2;2;2;1;5,0.0,2560,960
1692846925.305784.png,10,0.691346;0.753814;0.477231;0.533258;0.563365;0.054475;0.160807;0.249052;0.567582;0.628070,2;1;3;5;5;2;6;1;3;6,0.0,2560,960
1692846925.637649.png,10,0.469475;0.628387;0.532575;0.354134;0.380273;0.000000;0.157341;0.107102;0.400272;0.492224,2;2;2;10;6;0;7;3;2;2,0.0,2560,960
1692846925.973526.png,10,0.504317;0.635476;0.493253;0.520726;0.357572;0.091112;0.163120;0.456165;0.577202;0.456273,1;2;3;3;4;1;3;2;1;2,0.0,2560,960
1692846926.305678.png,10,0.406186;0.552560;0.536163;0.435510;0.438595;0.165180;0.182947;0.129900;0.070790;0.554832,1;2;2;7;6;2;6;3;3;3,0.0,2560,960
1692846926.637504.png,10,0.438400;0.583175;0.433456;0.426745;0.420204;0.155244;0.323967;0.424320;0.383389;0.396101,1;3;4;10;6;2;3;2;1;5,0.0,2560,960
1692846926.973474.png,10,0.476136;0.595985;0.533013;0.687180;0.568841;0.092733;0.393818;0.578208;0.235221;0.454683,2;2;5;5;5;2;5;3;3;9,0.0,2560,960
1692846927.305651.png,10,0.465665;0.615047;0.492643;0.474931;0.613045;0.000000;0.376762;0.057778;0.257988;0.421615,2;2;2;5;3;0;4;1;1;3,0.0,2560,960
1692846927.637734.png,10,0.416828;0.515809;0.458398;0.609460;0.551316;0.071213;0.365381;0.181560;0.669295;0.342096,1;2;2;6;5;2;3;3;1;4,0.0,2560,960
1692846927.973491.png,10,0.193462;0.280805;0.489202;0.490342;0.561190;0.054355;0.346912;0.226091;0.069791;0.332199,3;3;3;4;7;1;4;3;2;4,0.0,2560,960
1692846928.305834.png,10,0.076103;0.388851;0.553790;0.561699;0.137322;0.063161;0.543272;0.125967;0.601031;0.497274,1;1;2;10;2;1;4;3;3;1,0.0,2560,960
1692846928.637545.png,10,0.061750;0.121596;0.528511;0.611687;0.294571;0.093169;0.274876;0.000000;0.120284;0.383417,1;1;2;8;3;1;5;0;1;3,0.0,2560,960
1692846928.973619.png,10,0.000000;0.432854;0.565568;0.534969;0.615799;0.113909;0.561988;0.000000;0.405353;0.471558,0;1;2;5;7;1;3;0;2;6,0.0,2560,960
1692846929.305537.png,10,0.105258;0.688135;0.526006;0.422925;0.511815;0.058630;0.702473;0.060169;0.450409;0.562335,1;1;2;2;3;1;4;1;3;5,0.0,2560,960
1692846929.637984.png,10,0.000000;0.692655;0.506343;0.532954;0.474483;0.000000;0.713142;0.380529;0.437356;0.298200,0;1;3;4;3;0;3;3;4;4,0.0,2560,960
1692846929.973612.png,10,0.000000;0.699960;0.434639;0.474205;0.111930;0.051164;0.722783;0.291078;0.601069;0.187141,0;1;4;4;3;1;4;4;4;4,0.0,2560,960
1692846930.305617.png,10,0.122690;0.621619;0.520678;0.389456;0.544415;0.000000;0.664697;0.117446;0.523075;0.551879,1;1;2;3;4;0;5;1;2;1,0.0,2560,960
1692846930.638178.png,10,0.148254;0.498942;0.435958;0.554655;0.181539;0.000000;0.576676;0.535641;0.597973;0.090685,1;1;3;12;5;0;2;1;3;3,0.0,2560,960
1692846930.973574.png,10,0.098638;0.656141;0.520211;0.401038;0.572534;0.050030;0.704235;0.301334;0.000000;0.658464,1;1;4;6;6;1;4;2;0;5,0.0,2560,960
1692846931.305576.png,10,0.059762;0.436541;0.504397;0.328171;0.406947;0.052620;0.504600;0.229463;0.621587;0.516345,1;1;2;9;5;1;5;3;1;11,0.0,2560,960
1692846931.637658.png,10,0.105900;0.574426;0.498003;0.307292;0.293815;0.055517;0.611846;0.157002;0.000000;0.607310,1;1;3;4;2;1;4;2;0;3,0.0,2560,960
1692846931.974182.png,10,0.122842;0.489821;0.370337;0.554812;0.384968;0.062507;0.527221;0.444170;0.073917;0.438105,1;1;5;3;6;2;4;1;1;5,0.0,2560,960
1692846932.305498.png,10,0.136807;0.585821;0.513480;0.311343;0.413198;0.061775;0.610014;0.442772;0.073302;0.473619,1;1;4;3;4;1;4;2;2;4,0.0,2560,960
1692846932.637641.png,10,0.097903;0.333116;0.529049;0.554215;0.312667;0.056938;0.491235;0.174036;0.599188;0.351718,1;1;4;5;7;1;3;2;2;5,0.0,2560,960
1692846932.973554.png,10,0.094957;0.288540;0.428605;0.171227;0.435278;0.000000;0.442666;0.000000;0.458900;0.593159,1;1;2;3;4;0;3;0;1;4,0.0,2560,960
1692846933.305702.png,10,0.103955;0.530483;0.526164;0.195256;0.338516;0.102705;0.662813;0.000000;0.095175;0.313138,1;1;2;3;3;1;3;0;2;3,0.0,2560,960
1692846933.637375.png,10,0.000000;0.353362;0.504689;0.544976;0.587862;0.076225;0.524599;0.281739;0.429992;0.338033,0;1;3;3;7;1;3;1;1;7,0.0,2560,960
1692846933.973509.png,10,0.000000;0.611728;0.460068;0.573359;0.569082;0.087321;0.662876;0.172627;0.553068;0.641234,0;1;3;5;5;3;1;2;4;4,0.0,2560,960
1692846934.305510.png,10,0.000000;0.622135;0.560269;0.285635;0.490230;0.111204;0.694255;0.282627;0.219148;0.583489,0;1;3;3;2;2;3;2;1;1,0.0,2560,960
1692846934.637371.png,10,0.000000;0.507125;0.536688;0.307782;0.523752;0.103183;0.639541;0.180886;0.098573;0.472719,0;1;4;4;6;1;3;3;2;6,0.0,2560,960
1692846934.973546.png,10,0.000000;0.418638;0.477075;0.467685;0.543196;0.102180;0.580287;0.000000;0.000000;0.427662,0;1;2;5;7;1;1;0;0;5,0.0,2560,960
1692846935.305478.png,10,0.000000;0.213793;0.564877;0.251204;0.521883;0.054934;0.454706;0.542732;0.072131;0.636606,0;1;3;4;4;1;1;1;1;4,0.0,2560,960
1692846935.637833.png,10,0.058244;0.450049;0.558186;0.432916;0.528644;0.088808;0.582509;0.198731;0.000000;0.360944,1;1;2;3;6;2;3;2;0;5,0.0,2560,960
1692846935.973443.png,10,0.073852;0.538109;0.571513;0.118343;0.373873;0.117394;0.651107;0.422424;0.073737;0.375710,2;1;4;6;5;1;3;2;1;2,0.0,2560,960
1692846936.305537.png,10,0.133446;0.663974;0.494936;0.238214;0.516096;0.159238;0.733752;0.327205;0.179505;0.529755,3;1;3;3;6;3;1;1;1;6,0.0,2560,960
1692846936.637511.png,10,0.104078;0.226741;0.539181;0.389221;0.366877;0.138313;0.399729;0.465750;0.521930;0.101696,2;2;4;1;2;2;4;3;2;3,0.0,2560,960
1692846936.973438.png,10,0.197197;0.287397;0.550699;0.364692;0.549728;0.124370;0.468680;0.396994;0.000000;0.616662,2;2;3;4;7;2;2;1;0;3,0.0,2560,960
1692846937.305753.png,10,0.070287;0.259827;0.417677;0.388682;0.522465;0.089390;0.456542;0.269812;0.000000;0.239783,3;2;3;2;3;2;2;2;0;2,0.0,2560,960
1692846937.637508.png,10,0.112751;0.336786;0.541287;0.561242;0.421388;0.063179;0.273010;0.324144;0.000000;0.559469,2;3;3;3;1;2;2;2;0;1,0.0,2560,960
1692846937.973588.png,10,0.305077;0.490410;0.433252;0.538294;0.445338;0.099412;0.339606;0.306300;0.480296;0.479316,2;2;3;1;6;1;5;2;3;8,0.0,2560,960
1692846938.305570.png,10,0.050394;0.191175;0.509922;0.477900;0.578198;0.124313;0.406181;0.307095;0.265332;0.329603,1;2;3;2;7;2;4;1;1;6,0.0,2560,960
1692846938.637560.png,10,0.109962;0.118272;0.441115;0.401968;0.460256;0.143815;0.339269;0.069871;0.327396;0.530600,2;2;2;5;6;3;6;3;1;3,0.0,2560,960
1692846938.973818.png,10,0.195451;0.374989;0.455998;0.180705;0.218619;0.205919;0.321459;0.080523;0.000000;0.259766,3;2;2;3;4;2;3;1;0;5,0.0,2560,960
1692846939.305874.png,10,0.184535;0.460834;0.448513;0.396921;0.537627;0.169814;0.250076;0.472456;0.082638;0.370966,2;3;3;4;6;2;3;1;2;7,0.0,2560,960
1692846939.637715.png,10,0.088143;0.202439;0.420378;0.189801;0.143894;0.160861;0.209059;0.300147;0.335670;0.139585,2;1;5;4;5;2;3;3;1;2,0.0,2560,960
1692846939.973430.png,10,0.158844;0.378628;0.449962;0.238328;0.302027;0.165446;0.373431;0.257291;0.000000;0.498246,3;2;3;5;2;2;4;1;0;4,0.0,2560,960
1692846940.305612.png,10,0.311737;0.000000;0.492897;0.279734;0.249400;0.371043;0.190632;0.405533;0.095068;0.291965,2;0;3;3;2;3;4;1;1;3,0.0,2560,960
1692846940.637552.png,10,0.250733;0.539125;0.442655;0.224824;0.323795;0.290985;0.211803;0.280054;0.000000;0.266526,3;2;2;4;2;3;4;2;0;3,0.0,2560,960
1692846940.973547.png,10,0.223776;0.444374;0.418742;0.381030;0.242076;0.245890;0.266517;0.493077;0.156308;0.439836,3;4;3;5;6;2;5;1;1;5,0.0,2560,960
1692846941.305749.png,10,0.154453;0.394276;0.486098;0.187572;0.389762;0.176088;0.308727;0.429798;0.206530;0.434813,2;2;4;3;3;2;5;2;1;2,0.0,2560,960
1692846941.637819.png,10,0.191259;0.506579;0.442814;0.282812;0.243578;0.150085;0.457406;0.000000;0.088133;0.417119,2;3;2;4;3;3;4;0;2;5,0.0,2560,960
1692846941.973949.png,10,0.081248;0.331136;0.426333;0.170893;0.400057;0.073003;0.336212;0.096640;0.000000;0.476188,1;2;2;4;6;2;4;4;0;7,0.0,2560,960
1692846942.305620.png,10,0.096988;0.300128;0.399717;0.112197;0.441930;0.117377;0.366637;0.384469;0.171929;0.537814,1;3;3;6;4;1;3;2;1;2,0.0,2560,960
1692846942.637606.png,10,0.103996;0.386413;0.300945;0.410297;0.363179;0.159064;0.559588;0.203331;0.068356;0.563029,2;3;2;3;5;2;3;3;1;2,0.0,2560,960
1692846942.973455.png,10,0.086615;0.283880;0.428932;0.600911;0.445032;0.115283;0.260437;0.000000;0.000000;0.464151,1;3;2;2;4;4;6;0;0;4,0.0,2560,960
1692846943.305980.png,10,0.201900;0.423000;0.383376;0.506509;0.379012;0.157454;0.536859;0.344810;0.581479;0.475784,1;4;4;5;7;3;4;2;3;8,0.0,2560,960
1692846943.637317.png,10,0.000000;0.159654;0.431543;0.263788;0.334748;0.147608;0.439905;0.065255;0.000000;0.499095,0;4;2;4;2;2;4;1;0;5,0.0,2560,960
1692846943.973209.png,10,0.000000;0.155917;0.427025;0.391845;0.402847;0.115696;0.474657;0.000000;0.000000;0.153729,0;2;2;6;4;2;4;0;0;3,0.0,2560,960
1692846944.305507.png,10,0.000000;0.065381;0.384060;0.325681;0.421853;0.105977;0.301310;0.298987;0.000000;0.465603,0;2;3;8;6;2;4;2;0;5,0.0,2560,960
1692846944.637206.png,10,0.000000;0.247763;0.368822;0.492897;0.402878;0.219130;0.495906;0.500854;0.000000;0.564125,0;3;3;2;5;2;6;2;0;3,0.0,2560,960
1692846944.973320.png,10,0.052539;0.411599;0.400418;0.441350;0.356613;0.206100;0.614056;0.221367;0.000000;0.454173,1;4;4;4;5;1;4;2;0;3,0.0,2560,960
1692846945.305331.png,10,0.000000;0.343204;0.340268;0.433710;0.397581;0.244102;0.560730;0.295267;0.000000;0.371920,0;3;3;3;6;2;4;3;0;7,0.0,2560,960
1692846945.637276.png,10,0.000000;0.301771;0.351472;0.494407;0.278141;0.219421;0.529972;0.161597;0.000000;0.403885,0;2;2;2;3;2;3;2;0;3,0.0,2560,960
1692846945.973284.png,10,0.229084;0.521000;0.455961;0.415920;0.364070;0.243634;0.588730;0.174098;0.542698;0.212670,1;3;3;7;9;3;2;1;2;5,0.0,2560,960
1692846946.305447.png,10,0.274474;0.568824;0.378783;0.291748;0.313428;0.163820;0.670994;0.124431;0.147478;0.439215,2;2;3;3;6;2;2;1;3;6,0.0,2560,960
1692846946.637223.png,10,0.511042;0.642978;0.373349;0.532226;0.161184;0.122908;0.597811;0.082880;0.000000;0.345922,2;2;2;4;1;2;2;1;0;5,0.0,2560,960
1692846946.973277.png,10,0.097930;0.505401;0.442280;0.154374;0.558980;0.074758;0.642713;0.136560;0.203807;0.555056,1;2;2;3;3;1;2;3;2;2,0.0,2560,960
1692846947.305484.png,10,0.301297;0.546029;0.203043;0.384103;0.458862;0.124703;0.661666;0.080500;0.000000;0.394846,1;2;2;5;4;1;2;1;0;5,0.0,2560,960
1692846947.637537.png,10,0.284536;0.535723;0.365177;0.312836;0.281572;0.098061;0.648717;0.134978;0.171515;0.327553,1;2;2;9;4;1;1;3;3;8,0.0,2560,960
1692846947.973341.png,10,0.489534;0.611185;0.388814;0.254083;0.446616;0.263274;0.637386;0.000000;0.271825;0.175039,1;2;2;6;4;1;2;0;1;2,0.0,2560,960
1692846948.305343.png,10,0.466913;0.620329;0.330818;0.178251;0.341925;0.149347;0.436122;0.054523;0.144124;0.381285,2;3;2;3;4;2;1;1;1;5,0.0,2560,960
1692846948.637414.png,10,0.449540;0.540314;0.390165;0.409644;0.287017;0.338349;0.591178;0.444848;0.553717;0.476691,1;2;3;3;3;2;3;1;3;4,0.0,2560,960
1692846948.973202.png,10,0.599304;0.656504;0.310003;0.406513;0.270341;0.139342;0.461863;0.000000;0.000000;0.394484,1;2;1;5;2;2;2;0;0;5,0.0,2560,960
1692846949.305407.png,10,0.454934;0.578356;0.447521;0.407785;0.470463;0.096063;0.277657;0.525144;0.243947;0.312587,1;2;4;8;5;3;1;2;1;6,0.0,2560,960
1692846949.637456.png,10,0.574276;0.648058;0.347258;0.271679;0.381224;0.085435;0.446532;0.181197;0.000000;0.378370,1;2;4;5;5;3;3;5;0;6,0.0,2560,960
1692846949.973376.png,10,0.561515;0.630933;0.400143;0.297176;0.280844;0.076197;0.579902;0.150166;0.000000;0.462781,2;3;4;9;2;3;3;5;0;6,0.0,2560,960
1692846950.305490.png,10,0.620967;0.662134;0.308971;0.547577;0.517493;0.120573;0.643953;0.370547;0.615959;0.407703,2;3;3;8;6;3;2;3;4;6,0.0,2560,960
1692846950.637330.png,10,0.615491;0.664969;0.388456;0.247046;0.354327;0.113016;0.542907;0.000000;0.123490;0.618296,2;3;2;4;7;3;2;0;2;7,0.0,2560,960
1692846950.973364.png,10,0.650692;0.680012;0.405270;0.447829;0.360096;0.115586;0.512686;0.101110;0.532728;0.523912,1;3;3;5;4;3;2;1;3;3,0.0,2560,960
1692846951.305357.png,10,0.634062;0.659515;0.332377;0.402888;0.224493;0.186551;0.545928;0.488296;0.000000;0.212264,2;3;4;6;5;3;2;3;0;3,0.0,2560,960
1692846951.637659.png,10,0.646193;0.656608;0.302412;0.208982;0.540626;0.098680;0.233628;0.283295;0.332992;0.360645,2;3;3;3;7;2;1;1;1;4,0.063826,2560,960
1692846951.973460.png,10,0.649762;0.674922;0.364113;0.229734;0.341670;0.072629;0.460039;0.350404;0.141732;0.446989,1;2;4;2;3;3;3;4;2;2,0.0,2560,960
1692846952.305370.png,10,0.694992;0.704416;0.381343;0.458905;0.635570;0.071185;0.323056;0.238784;0.094610;0.672819,2;3;3;4;8;1;1;1;1;6,0.0,2560,960
1692846952.637548.png,10,0.666587;0.669141;0.421593;0.400176;0.114578;0.000000;0.391753;0.256807;0.484102;0.418853,1;2;3;2;5;0;1;1;2;6,0.0,2560,960
1692846952.973423.png,10,0.740108;0.740584;0.333228;0.411357;0.384122;0.000000;0.515981;0.390491;0.000000;0.660739,1;2;4;4;7;0;1;3;0;4,0.0,2560,960
1692846953.305847.png,10,0.708254;0.719153;0.420360;0.431791;0.574893;0.000000;0.442557;0.000000;0.345307;0.305013,1;2;2;10;7;0;1;0;3;6,0.0,2560,960
1692846953.637478.png,10,0.702227;0.709857;0.340531;0.633285;0.500698;0.052267;0.215008;0.317906;0.098159;0.490959,2;3;3;6;9;1;1;1;3;7,0.0,2560,960
1692846953.973104.png,10,0.616659;0.614439;0.386004;0.290559;0.437912;0.000000;0.210420;0.101630;0.495661;0.476662,2;3;2;8;4;0;2;1;4;4,0.12991,2560,960
1692846954.305112.png,10,0.678760;0.664506;0.323993;0.289008;0.468703;0.054856;0.071858;0.083729;0.121188;0.251320,1;1;1;7;7;1;2;1;1;6,0.180065,2560,960
1692846954.637185.png,10,0.730844;0.728262;0.389376;0.697178;0.636345;0.000000;0.181330;0.200062;0.152500;0.479531,2;2;2;5;3;0;2;2;1;4,0.13607,2560,960
1692846954.973335.png,10,0.723803;0.707806;0.228370;0.682437;0.493187;0.000000;0.142229;0.190374;0.596847;0.380577,2;2;3;3;6;0;2;2;2;6,0.056926,2560,960
1692846955.305160.png,10,0.686936;0.669694;0.306502;0.471873;0.572459;0.108171;0.075739;0.394264;0.589673;0.258952,2;3;3;8;8;1;1;2;2;6,0.052812,2560,960
1692846955.637287.png,10,0.716487;0.709091;0.425573;0.534732;0.472621;0.061612;0.093581;0.521031;0.362484;0.332428,2;2;4;5;4;1;1;3;1;3,0.095165,2560,960
1692846955.973187.png,10,0.735190;0.740050;0.382292;0.668711;0.531898;0.810660;0.834833;0.108487;0.265871;0.526785,2;2;2;4;6;1;2;1;4;6,0.054356,2560,960
1692846956.305394.png,10,0.755556;0.763740;0.412032;0.685127;0.411988;0.787443;0.799293;0.222547;0.783954;0.485857,1;1;3;4;6;2;4;2;2;4,0.0,2560,960
1692846956.637467.png,10,0.767434;0.773880;0.428243;0.685651;0.496974;0.806799;0.821104;0.172368;0.757340;0.578735,1;1;2;4;4;1;3;1;1;7,0.0,2560,960
1692846956.973529.png,10,0.673006;0.689657;0.316814;0.641452;0.461625;0.687361;0.742370;0.226769;0.708063;0.406797,2;2;2;2;3;1;1;3;1;6,0.105278,2560,960
1692846957.305773.png,10,0.618613;0.672289;0.283444;0.331116;0.595014;0.671572;0.748079;0.394069;0.321795;0.340658,2;2;3;4;5;1;1;4;1;2,0.0,2560,960
1692846957.638088.png,10,0.533314;0.379695;0.426212;0.519303;0.338670;0.538912;0.473546;0.000000;0.352279;0.490286,1;3;2;7;3;1;1;0;2;4,0.0,2560,960
1692846957.973556.png,10,0.430408;0.515486;0.398666;0.306528;0.204119;0.389096;0.616512;0.260774;0.284124;0.449069,2;4;5;9;4;1;3;5;3;6,0.0,2560,960
1692846958.305714.png,10,0.629018;0.746172;0.275094;0.420034;0.473412;0.683427;0.778446;0.292751;0.293106;0.464269,1;3;3;5;8;1;2;2;3;9,0.0,2560,960
1692846958.637570.png,10,0.231134;0.409817;0.415544;0.376116;0.333101;0.317113;0.602705;0.493845;0.000000;0.428869,1;3;3;7;6;2;2;3;0;6,0.0,2560,960
1692846958.973539.png,10,0.086838;0.299591;0.306310;0.571313;0.554613;0.150483;0.252544;0.190450;0.463320;0.494723,2;3;1;7;4;2;6;1;6;7,0.0,2560,960
1692846959.305665.png,10,0.639291;0.707041;0.531734;0.379004;0.375516;0.703438;0.755934;0.469240;0.467628;0.477284,1;2;4;8;5;1;2;3;1;7,0.0,2560,960
1692846959.637609.png,10,0.540128;0.695353;0.386268;0.593319;0.400780;0.657233;0.770266;0.000000;0.655204;0.339086,2;2;1;2;6;2;2;0;2;6,0.0,2560,960
1692846959.973819.png,10,0.568511;0.631867;0.447190;0.385697;0.506168;0.684925;0.746036;0.427026;0.515406;0.553111,1;3;2;9;9;1;2;2;1;11,0.0,2560,960
1692846960.337518.png,10,0.260023;0.356634;0.348516;0.527571;0.544608;0.429542;0.429076;0.000000;0.455412;0.441763,2;2;3;6;8;2;3;0;4;5,0.0,2560,960
1692846960.673715.png,10,0.508460;0.590317;0.367331;0.409965;0.534540;0.624575;0.694824;0.085452;0.333455;0.562215,2;3;2;9;6;2;2;1;1;4,0.0,2560,960
1692846961.005562.png,10,0.720775;0.738624;0.360685;0.505357;0.241181;0.746865;0.758637;0.349326;0.632205;0.517687,1;3;3;9;4;1;2;3;1;4,0.0,2560,960
1692846961.337598.png,10,0.631477;0.617755;0.369010;0.611213;0.364085;0.703232;0.712075;0.430719;0.663081;0.179854,1;3;3;6;2;1;2;1;1;1,0.0,2560,960
1692846961.673515.png,10,0.740941;0.762341;0.270165;0.655635;0.534778;0.760885;0.772418;0.374417;0.692754;0.469917,1;3;2;2;5;1;2;3;1;5,0.0,2560,960
1692846962.005711.png,10,0.736233;0.760576;0.321008;0.682888;0.521063;0.752995;0.773689;0.167520;0.702682;0.605301,1;3;4;8;6;1;2;1;2;3,0.0,2560,960
1692846962.337901.png,10,0.776973;0.780538;0.370756;0.578604;0.501024;0.786093;0.789510;0.000000;0.653891;0.563677,1;3;2;4;4;1;2;0;4;2,0.0,2560,960
1692846962.673554.png,10,0.763206;0.770842;0.384397;0.666106;0.380560;0.767304;0.770960;0.170959;0.680990;0.402625,1;3;1;5;4;1;3;1;1;3,0.0,2560,960
1692846963.005635.png,10,0.587140;0.715768;0.307912;0.614882;0.563788;0.719780;0.756485;0.116907;0.646360;0.380886,1;3;3;5;7;1;2;1;1;4,0.0,2560,960
1692846963.337569.png,10,0.666917;0.732877;0.402976;0.686219;0.512089;0.720139;0.729914;0.000000;0.703238;0.533274,1;2;2;5;5;1;2;0;1;6,0.0,2560,960
1692846963.673573.png,10,0.092001;0.414544;0.436276;0.636502;0.490512;0.399250;0.651403;0.346853;0.685145;0.595797,1;4;2;5;1;4;2;1;1;4,0.0,2560,960
1692846964.005556.png,10,0.410395;0.750027;0.347695;0.637118;0.554957;0.565829;0.762930;0.477995;0.671557;0.650685,3;1;5;7;3;4;2;4;4;5,0.0,2560,960
1692846964.337458.png,10,0.000000;0.724637;0.348781;0.469782;0.343976;0.148347;0.735349;0.309473;0.602571;0.520707,0;1;1;10;6;1;3;2;2;5,0.0,2560,960
1692846964.673573.png,10,0.000000;0.704050;0.265182;0.400669;0.604118;0.153116;0.722026;0.142457;0.606897;0.372957,0;2;2;3;6;1;2;1;4;8,0.0,2560,960
1692846965.005706.png,10,0.000000;0.766976;0.474942;0.599652;0.482902;0.191294;0.769083;0.419427;0.659673;0.630254,0;1;2;4;7;1;2;1;1;5,0.0,2560,960
1692846965.337672.png,10,0.000000;0.747925;0.265368;0.468938;0.356318;0.116686;0.753865;0.099294;0.606787;0.470231,0;1;2;7;5;1;2;1;3;7,0.0,2560,960
1692846965.673837.png,10,0.000000;0.449741;0.320659;0.464983;0.555296;0.150644;0.681819;0.060354;0.626955;0.627423,0;1;1;2;5;3;2;1;4;3,0.0,2560,960
1692846966.005821.png,10,0.460261;0.500799;0.408066;0.494426;0.488041;0.647010;0.630134;0.266125;0.603350;0.293076,2;3;2;6;5;2;4;1;1;4,0.0,2560,960
1692846966.337579.png,10,0.717530;0.747999;0.350317;0.315865;0.540678;0.757347;0.770639;0.183456;0.481796;0.479644,1;1;2;4;5;1;2;1;2;4,0.0,2560,960
1692846966.673758.png,10,0.697863;0.670696;0.449135;0.539253;0.556707;0.754376;0.746396;0.173790;0.653480;0.558031,1;1;3;3;5;1;2;2;2;3,0.0,2560,960
1692846967.005903.png,10,0.695890;0.683268;0.365045;0.476631;0.511836;0.728000;0.728176;0.430952;0.572952;0.592515,1;1;3;6;4;1;2;3;2;5,0.0,2560,960
1692846967.337642.png,10,0.511822;0.518465;0.386039;0.542168;0.307992;0.659969;0.663946;0.153398;0.247869;0.552427,1;1;3;3;4;1;2;3;2;3,0.0,2560,960
1692846967.673205.png,10,0.662784;0.622818;0.359958;0.649029;0.383420;0.762331;0.756655;0.107630;0.364122;0.383954,1;2;1;6;7;1;2;1;3;4,0.0,2560,960
1692846968.005299.png,10,0.778988;0.787852;0.448877;0.549449;0.525750;0.804939;0.817500;0.124723;0.176127;0.493166,1;2;2;7;4;1;2;1;2;3,0.0,2560,960
1692846968.337041.png,10,0.609233;0.531145;0.379478;0.248706;0.306076;0.705473;0.683314;0.180946;0.507469;0.524705,2;2;1;8;4;1;3;1;5;6,0.0,2560,960
1692846968.673246.png,10,0.723018;0.710574;0.382050;0.446040;0.331142;0.754248;0.745439;0.239631;0.493008;0.285877,1;1;1;6;5;1;2;3;4;5,0.0,2560,960
1692846969.005218.png,10,0.563255;0.480939;0.406413;0.424931;0.468188;0.676576;0.646219;0.152665;0.348988;0.052838,2;2;2;5;7;2;3;3;3;1,0.0,2560,960
1692846969.337469.png,10,0.601772;0.538406;0.349620;0.297031;0.455413;0.708579;0.690270;0.319966;0.303577;0.500637,2;3;4;4;2;3;2;3;2;2,0.0,2560,960
1692846969.673077.png,10,0.726258;0.735333;0.381272;0.404598;0.450718;0.757636;0.759693;0.066356;0.558551;0.525526,1;1;2;6;4;1;1;2;3;4,0.0,2560,960
1692846970.005374.png,10,0.745442;0.759401;0.354766;0.443132;0.468122;0.757497;0.760666;0.000000;0.470227;0.427697,1;1;2;5;4;1;1;0;5;5,0.0,2560,960
1692846970.341611.png,10,0.678166;0.683478;0.263915;0.474587;0.561944;0.720185;0.720362;0.272758;0.563815;0.246887,1;2;3;4;6;1;1;2;3;4,0.0,2560,960
1692846970.673651.png,10,0.715292;0.739687;0.298430;0.484946;0.515297;0.745179;0.755155;0.118288;0.598909;0.579452,1;2;2;5;6;1;1;2;2;6,0.0,2560,960
1692846971.005509.png,10,0.474919;0.418576;0.317070;0.478158;0.408982;0.585890;0.574670;0.115447;0.331627;0.423154,1;3;2;5;3;2;2;2;1;3,0.0,2560,960
1692846971.337735.png,10,0.181614;0.379183;0.291840;0.370828;0.391713;0.446646;0.533337;0.183153;0.391729;0.199742,2;4;2;9;6;2;1;5;3;5,0.0,2560,960
1692846971.673731.png,10,0.268537;0.358485;0.333322;0.433258;0.273716;0.457968;0.571976;0.236368;0.236492;0.381843,1;3;5;3;2;2;1;5;4;4,0.0,2560,960
1692846972.006449.png,10,0.573672;0.624582;0.319966;0.609379;0.519368;0.648670;0.743827;0.265391;0.278030;0.619690,1;2;3;4;4;2;1;1;4;2,0.0,2560,960
1692846972.337614.png,10,0.580814;0.571726;0.307358;0.447892;0.458758;0.651609;0.725396;0.000000;0.140786;0.254405,3;3;1;7;5;3;1;0;3;4,0.0,2560,960
1692846972.673477.png,10,0.395215;0.476142;0.396845;0.568698;0.397896;0.450473;0.598473;0.440136;0.636812;0.574714,4;3;5;7;3;3;1;5;3;2,0.0,2560,960
1692846973.005479.png,10,0.767706;0.780841;0.288596;0.706690;0.270212;0.806991;0.820731;0.061593;0.733446;0.371535,1;1;2;4;6;2;1;1;2;7,0.0,2560,960
1692846973.337689.png,10,0.722475;0.719322;0.334765;0.690398;0.415060;0.754590;0.790367;0.412546;0.727848;0.417878,1;2;3;5;7;2;1;1;5;6,0.0,2560,960
1692846973.673862.png,10,0.718137;0.732791;0.344659;0.694692;0.404193;0.710715;0.797066;0.441772;0.749971;0.263161,2;3;3;5;9;2;3;1;2;8,0.0,2560,960
1692846974.005866.png,10,0.761726;0.766737;0.400171;0.729427;0.512572;0.634975;0.753695;0.000000;0.467916;0.581007,1;2;2;2;7;2;2;0;4;3,0.0,2560,960
1692846974.337594.png,10,0.761470;0.765288;0.344340;0.737824;0.522042;0.000000;0.000000;0.388345;0.197300;0.340432,1;2;3;7;7;0;0;2;2;6,0.063967,2560,960
1692846974.673547.png,10,0.672077;0.673636;0.367571;0.380437;0.548697;0.085803;0.000000;0.000000;0.345261;0.235441,2;4;2;7;9;1;0;0;1;4,0.087497,2560,960
1692846975.005612.png,10,0.735210;0.728718;0.531973;0.446414;0.488253;0.101145;0.063106;0.574148;0.052758;0.585719,1;2;2;6;7;1;2;2;1;2,0.146599,2560,960
1692846975.337535.png,10,0.721589;0.726670;0.320593;0.493642;0.420462;0.255332;0.000000;0.054265;0.640474;0.625649,2;3;2;3;8;1;0;1;3;5,0.0,2560,960
1692846975.673732.png,10,0.716080;0.717936;0.387626;0.578970;0.539619;0.114632;0.065234;0.077899;0.247639;0.563877,2;4;1;7;6;1;1;2;1;3,0.0,2560,960
1692846976.005619.png,10,0.638661;0.636057;0.388357;0.302545;0.460176;0.350768;0.076574;0.258576;0.517581;0.509609,1;3;2;4;5;1;1;1;3;4,0.0,2560,960
1692846976.337525.png,10,0.695704;0.699691;0.444362;0.210896;0.490827;0.105264;0.095259;0.056515;0.242250;0.419654,2;3;1;5;7;1;1;1;1;3,0.057228,2560,960
1692846976.673622.png,10,0.713092;0.721277;0.389038;0.438295;0.440555;0.060193;0.000000;0.113198;0.331711;0.210570,2;3;3;5;5;1;0;2;2;3,0.072081,2560,960
1692846977.005782.png,10,0.670052;0.687776;0.416147;0.391633;0.451929;0.000000;0.000000;0.371814;0.504408;0.549543,2;3;5;6;6;0;0;3;3;3,0.058498,2560,960
1692846977.337578.png,10,0.702612;0.708286;0.402206;0.331654;0.449008;0.000000;0.087075;0.000000;0.555904;0.457394,1;2;2;10;9;0;3;0;5;8,0.104884,2560,960
1692846977.673544.png,10,0.709884;0.729523;0.374855;0.383663;0.662202;0.056762;0.000000;0.087947;0.283954;0.265189,1;2;3;9;3;1;0;1;1;5,0.069581,2560,960
1692846978.006035.png,10,0.653243;0.692219;0.373801;0.622686;0.453136;0.000000;0.061807;0.000000;0.456358;0.270553,2;5;1;6;5;0;2;0;3;6,0.083383,2560,960
1692846978.337552.png,10,0.658244;0.684046;0.359497;0.278588;0.478663;0.110788;0.061185;0.191525;0.000000;0.542854,2;2;2;7;5;1;1;1;0;4,0.086334,2560,960
1692846978.673686.png,10,0.575758;0.625348;0.403158;0.330215;0.482025;0.000000;0.093129;0.525526;0.429256;0.578708,2;3;3;6;4;0;1;1;2;2,0.057289,2560,960
1692846979.005746.png,10,0.650151;0.684892;0.383686;0.286653;0.528835;0.000000;0.070523;0.427234;0.000000;0.374757,2;3;3;8;3;0;1;2;0;4,0.058003,2560,960
1692846979.342353.png,10,0.603369;0.659546;0.330498;0.435038;0.414896;0.000000;0.000000;0.074611;0.105878;0.396128,2;4;2;5;3;0;0;1;2;3,0.056464,2560,960
1692846979.673275.png,10,0.428785;0.538994;0.380316;0.266886;0.545232;0.000000;0.087733;0.295407;0.085139;0.595710,1;4;3;3;3;0;1;3;1;2,0.0,2560,960
1692846980.005528.png,10,0.338844;0.505646;0.385010;0.188599;0.340241;0.000000;0.071438;0.494727;0.257750;0.469759,2;4;2;4;5;0;1;2;2;2,0.0,2560,960
1692846980.337795.png,10,0.389994;0.582556;0.341632;0.343643;0.395393;0.000000;0.000000;0.332230;0.239499;0.473246,2;4;1;2;6;0;0;4;3;4,0.051244,2560,960
1692846980.673465.png,10,0.238812;0.473998;0.448139;0.162471;0.455282;0.000000;0.055710;0.057975;0.470008;0.401594,1;3;1;8;7;0;1;2;4;6,0.052192,2560,960
1692846981.005522.png,10,0.150404;0.421897;0.395081;0.083343;0.435676;0.000000;0.000000;0.497769;0.000000;0.289699,2;3;3;3;2;0;0;2;0;3,0.076333,2560,960
1692846981.337812.png,10,0.195506;0.517248;0.395859;0.370218;0.507960;0.000000;0.061159;0.000000;0.551854;0.487726,2;3;2;10;4;0;2;0;3;4,0.058119,2560,960
1692846981.673350.png,10,0.111170;0.242844;0.346017;0.515844;0.549798;0.056159;0.137494;0.185892;0.322812;0.424262,1;3;3;8;6;1;1;1;3;4,0.079508,2560,960
1692846982.037381.png,10,0.122203;0.326555;0.458987;0.537871;0.465490;0.092088;0.062880;0.000000;0.575911;0.303292,1;3;2;5;5;1;1;0;4;5,0.103127,2560,960
1692846982.373469.png,10,0.071864;0.359421;0.397892;0.319092;0.236708;0.136897;0.239438;0.059729;0.324512;0.305117,1;3;1;4;3;1;1;1;3;4,0.09122,2560,960
1692846982.705520.png,10,0.091973;0.281504;0.405232;0.355523;0.151201;0.082506;0.167874;0.146805;0.543566;0.461980,1;3;2;7;7;1;2;4;3;8,0.0,2560,960
1692846983.042460.png,10,0.080921;0.294075;0.339134;0.385352;0.435384;0.113593;0.130492;0.000000;0.534666;0.536949,1;3;2;6;6;1;1;0;2;4,0.0,2560,960
1692846983.373099.png,10,0.057994;0.382316;0.464082;0.106846;0.340055;0.112968;0.141046;0.000000;0.234293;0.449901,1;3;2;6;2;1;1;0;1;4,0.0,2560,960
1692846983.705452.png,10,0.101603;0.221428;0.350835;0.353161;0.292136;0.216634;0.197334;0.132438;0.429788;0.563109,1;3;2;3;2;1;1;4;3;4,0.0,2560,960
1692846984.037591.png,10,0.119516;0.484670;0.405746;0.530151;0.580438;0.111592;0.068326;0.330664;0.402294;0.608309,2;4;3;2;4;1;1;3;2;3,0.0,2560,960
1692846984.373433.png,10,0.072867;0.128718;0.470208;0.127537;0.491261;0.094087;0.162965;0.074237;0.105893;0.562412,1;2;1;2;5;1;1;1;2;3,0.0,2560,960
1692846984.705500.png,10,0.073173;0.110189;0.461912;0.327683;0.399159;0.082160;0.189401;0.057034;0.000000;0.227116,1;1;2;5;6;1;1;1;0;4,0.0,2560,960
1692846985.037520.png,10,0.000000;0.139781;0.380145;0.717424;0.188296;0.074589;0.156127;0.000000;0.523354;0.343844,0;3;1;2;4;1;1;0;3;5,0.0,2560,960
1692846985.373474.png,10,0.118840;0.447148;0.451105;0.310786;0.480252;0.000000;0.073316;0.212571;0.300447;0.625180,1;1;3;3;2;0;1;2;1;3,0.0,2560,960
1692846985.705572.png,10,0.000000;0.213859;0.409758;0.238473;0.209002;0.000000;0.115108;0.119100;0.596880;0.556826,0;2;2;6;3;0;1;3;1;6,0.0,2560,960
1692846986.037418.png,10,0.157879;0.440242;0.350233;0.565969;0.177924;0.084166;0.132023;0.071014;0.384705;0.604142,1;1;2;3;2;1;1;1;2;6,0.0,2560,960
1692846986.373493.png,10,0.191213;0.525057;0.339002;0.489413;0.154714;0.000000;0.158583;0.119141;0.548716;0.166240,1;2;2;5;4;0;2;2;1;3,0.0,2560,960
1692846986.705412.png,10,0.000000;0.201071;0.333822;0.452692;0.296494;0.067664;0.216652;0.333772;0.595830;0.412383,0;3;3;7;5;1;1;2;2;7,0.0,2560,960
1692846987.037545.png,10,0.253176;0.507700;0.409640;0.495703;0.285655;0.051680;0.101434;0.146800;0.176094;0.360788,1;2;2;3;3;1;2;1;2;3,0.067791,2560,960
1692846987.373567.png,10,0.298384;0.530811;0.496080;0.407524;0.464768;0.056840;0.064426;0.086143;0.050199;0.416512,1;1;1;2;3;1;1;1;1;3,0.050742,2560,960
1692846987.705422.png,10,0.278693;0.501009;0.387329;0.345199;0.324558;0.052739;0.095130;0.140471;0.572783;0.487349,2;1;1;6;3;1;1;1;3;7,0.0,2560,960
1692846988.037472.png,10,0.134729;0.432922;0.398538;0.376188;0.357425;0.084567;0.057164;0.268171;0.000000;0.555928,2;2;2;4;3;1;1;2;0;3,0.053214,2560,960
1692846988.373458.png,10,0.263011;0.452959;0.417718;0.411342;0.504130;0.000000;0.166995;0.328952;0.087009;0.315068,1;1;1;2;5;0;3;4;1;5,0.0,2560,960
1692846988.705470.png,10,0.163134;0.437532;0.396973;0.208501;0.311795;0.000000;0.060929;0.000000;0.237918;0.491778,1;1;2;4;5;0;1;0;2;6,0.086048,2560,960
1692846989.037482.png,10,0.399623;0.588727;0.488988;0.197716;0.241804;0.067231;0.091369;0.241936;0.066955;0.409185,2;2;2;5;2;1;1;1;1;5,0.085604,2560,960
1692846989.373436.png,10,0.293074;0.532642;0.418225;0.446153;0.564437;0.070290;0.069852;0.075222;0.000000;0.322175,2;2;2;6;3;1;2;1;0;4,0.052158,2560,960
1692846989.705441.png,10,0.388011;0.596030;0.284179;0.248263;0.522167;0.000000;0.110140;0.224288;0.238466;0.577633,2;2;4;5;2;0;1;1;2;3,0.065367,2560,960
1692846990.037780.png,10,0.197804;0.455753;0.411501;0.392096;0.538607;0.085231;0.099036;0.332453;0.478974;0.554173,1;2;3;8;7;1;1;2;4;4,0.081063,2560,960
1692846990.373613.png,10,0.150991;0.409165;0.458092;0.410892;0.374185;0.063319;0.000000;0.168757;0.000000;0.466173,1;2;3;6;5;1;0;4;0;4,0.097363,2560,960
1692846990.705453.png,10,0.121381;0.397402;0.474421;0.414353;0.565782;0.000000;0.097908;0.373974;0.000000;0.246279,1;2;3;8;4;0;2;3;0;2,0.110935,2560,960
1692846991.037705.png,10,0.219942;0.529846;0.522662;0.435680;0.393673;0.000000;0.000000;0.062088;0.000000;0.175454,1;1;2;4;6;0;0;1;0;3,0.103667,2560,960
1692846991.373551.png,10,0.403984;0.599986;0.479782;0.377642;0.538765;0.060790;0.123169;0.253333;0.191711;0.454767,1;3;3;4;9;1;1;3;1;4,0.137251,2560,960
1692846991.705612.png,10,0.499359;0.624782;0.409956;0.521433;0.137894;0.054169;0.181735;0.275403;0.066446;0.635701,2;2;2;3;3;1;1;1;2;3,0.15346,2560,960
1692846992.037608.png,10,0.522034;0.627109;0.492292;0.478938;0.515348;0.000000;0.123830;0.179293;0.299100;0.445592,1;2;2;5;4;0;1;2;2;4,0.141402,2560,960
1692846992.373606.png,10,0.514539;0.581207;0.441416;0.320476;0.489825;0.058388;0.056752;0.197172;0.474114;0.448200,2;2;2;6;7;2;1;2;5;5,0.205874,2560,960
1692846992.705623.png,10,0.473332;0.621980;0.449849;0.474450;0.496729;0.067458;0.062998;0.075923;0.503401;0.619906,2;2;2;5;5;1;1;2;1;4,0.172975,2560,960
1692846993.037576.png,10,0.530389;0.609953;0.441457;0.706093;0.547516;0.058297;0.095706;0.197640;0.529879;0.473109,2;2;2;3;5;1;1;3;2;4,0.113943,2560,960
1692846993.373673.png,10,0.392059;0.548578;0.423097;0.406444;0.109538;0.054370;0.000000;0.136918;0.470086;0.239843,2;2;3;6;1;1;0;1;3;4,0.144984,2560,960
1692846993.710256.png,10,0.459300;0.609129;0.454173;0.360958;0.244203;0.085525;0.000000;0.270318;0.513103;0.377757,2;4;2;3;4;3;0;3;2;6,0.137373,2560,960
1692846994.042527.png,10,0.371880;0.550789;0.454820;0.555429;0.404727;0.062992;0.056848;0.263980;0.534120;0.599312,1;3;1;7;4;2;1;1;3;4,0.081008,2560,960
1692846994.373339.png,10,0.402963;0.561406;0.411916;0.350331;0.405963;0.092916;0.000000;0.106236;0.000000;0.236598,1;2;1;2;9;3;0;1;0;3,0.078168,2560,960
1692846994.705703.png,10,0.000000;0.235083;0.496402;0.381592;0.446191;0.057159;0.055700;0.214685;0.150853;0.280488,0;3;2;9;5;1;1;3;1;4,0.077999,2560,960
1692846995.073375.png,10,0.506167;0.614297;0.409951;0.436998;0.126692;0.066828;0.092668;0.122457;0.183594;0.270775,1;4;2;5;1;1;1;1;1;2,0.050266,2560,960
1692846995.405331.png,10,0.390203;0.529783;0.363367;0.593595;0.562542;0.069341;0.000000;0.000000;0.000000;0.440788,2;2;2;4;5;2;0;0;0;4,0.0,2560,960
1692846995.773496.png,10,0.323581;0.502896;0.477819;0.445539;0.309858;0.062316;0.089114;0.157271;0.313932;0.491408,2;3;2;1;4;3;1;1;1;4,0.066191,2560,960
1692846996.105507.png,10,0.420112;0.544629;0.444876;0.556745;0.176887;0.080415;0.112358;0.155005;0.648006;0.579427,1;4;3;2;4;2;1;2;1;6,0.07312,2560,960
1692846996.437652.png,10,0.399909;0.471745;0.411149;0.352414;0.524527;0.000000;0.125249;0.295880;0.471775;0.452893,1;1;3;5;2;0;3;3;5;4,0.084409,2560,960
1692846996.773286.png,10,0.440794;0.546436;0.432900;0.287465;0.468000;0.000000;0.050021;0.162302;0.000000;0.463314,2;2;2;4;4;0;1;1;0;4,0.07305,2560,960
1692846997.105428.png,10,0.490306;0.543584;0.434592;0.286982;0.553984;0.064215;0.099619;0.067992;0.519131;0.467554,2;2;2;3;5;2;1;1;1;3,0.056603,2560,960
1692846997.437434.png,10,0.523289;0.576052;0.354476;0.329443;0.390521;0.066145;0.068583;0.095030;0.073943;0.441587,2;2;2;5;6;1;1;1;2;5,0.063442,2560,960
1692846997.773352.png,10,0.459267;0.574571;0.310327;0.336716;0.323666;0.000000;0.000000;0.267926;0.394142;0.250982,2;2;2;7;4;0;0;2;1;4,0.0,2560,960
1692846998.105308.png,10,0.506816;0.615611;0.404403;0.457571;0.178783;0.061079;0.081090;0.000000;0.320610;0.559827,2;3;1;2;3;1;1;0;2;6,0.0,2560,960
1692846998.437365.png,10,0.318440;0.493889;0.399287;0.547129;0.391679;0.093863;0.078883;0.203777;0.094294;0.419381,1;3;4;3;5;1;1;4;1;7,0.0,2560,960
1692846998.773421.png,10,0.381263;0.522626;0.339501;0.323966;0.603635;0.054572;0.055694;0.235269;0.457683;0.551852,2;3;2;5;3;1;1;1;2;2,0.0,2560,960
1692846999.105360.png,10,0.428373;0.542571;0.394110;0.606608;0.289526;0.156340;0.071531;0.229605;0.261182;0.352383,2;2;3;2;3;3;1;1;1;5,0.0,2560,960
1692846999.437468.png,10,0.535869;0.608962;0.418888;0.374392;0.415940;0.203234;0.078865;0.073573;0.497864;0.274406,1;1;4;8;7;1;1;3;1;5,0.0,2560,960
1692846999.773556.png,10,0.497400;0.597034;0.415282;0.332816;0.575439;0.189811;0.085468;0.520877;0.378862;0.632190,2;2;3;3;3;2;1;3;2;2,0.0,2560,960
1692847000.106035.png,10,0.494199;0.559745;0.408765;0.427551;0.096890;0.310699;0.054528;0.400474;0.146991;0.204908,2;2;2;4;1;3;1;1;3;4,0.0,2560,960
1692847000.437461.png,10,0.459929;0.539212;0.393788;0.316367;0.417803;0.404554;0.160975;0.000000;0.000000;0.485432,1;1;2;5;4;3;1;0;0;3,0.0,2560,960
1692847000.773297.png,10,0.288371;0.466749;0.386456;0.459877;0.529856;0.417094;0.093567;0.147536;0.056806;0.430333,2;3;3;4;6;3;1;1;1;3,0.0,2560,960
1692847001.105400.png,10,0.278434;0.493480;0.357119;0.125030;0.627981;0.489281;0.103733;0.273949;0.000000;0.358247,1;1;3;4;6;3;5;2;0;4,0.0,2560,960
1692847001.437385.png,10,0.222255;0.454022;0.474700;0.322714;0.538652;0.358677;0.082601;0.295082;0.534275;0.296246,1;2;4;6;5;1;1;4;3;4,0.0,2560,960
1692847001.773527.png,10,0.305974;0.497799;0.435987;0.471453;0.235369;0.086640;0.118988;0.320365;0.558050;0.370494,1;1;3;2;2;2;1;3;2;2,0.0,2560,960
1692847002.105803.png,10,0.438512;0.549104;0.322949;0.570544;0.565372;0.220020;0.100231;0.107848;0.552503;0.632790,1;1;2;3;2;1;1;1;2;2,0.0,2560,960
1692847002.437876.png,10,0.540786;0.594763;0.393819;0.622999;0.335150;0.123053;0.177924;0.055708;0.000000;0.113108,1;1;2;1;4;1;1;1;0;5,0.0,2560,960
1692847002.773266.png,10,0.505280;0.564441;0.410113;0.428308;0.081656;0.113460;0.218459;0.269580;0.480359;0.333013,1;2;3;2;1;1;1;3;2;4,0.0,2560,960
1692847003.105522.png,10,0.207798;0.456156;0.413799;0.562275;0.614131;0.214782;0.100974;0.088626;0.384598;0.454194,1;1;3;3;2;1;1;1;1;2,0.0,2560,960
1692847003.437398.png,10,0.430486;0.558579;0.438873;0.416646;0.637233;0.274023;0.114495;0.327291;0.063892;0.688068,1;2;4;3;2;1;1;2;1;3,0.0,2560,960
1692847003.773403.png,10,0.380412;0.556804;0.350145;0.538508;0.558705;0.362073;0.000000;0.000000;0.000000;0.601220,1;1;2;4;3;1;0;0;0;2,0.0,2560,960
1692847004.105337.png,10,0.432333;0.567287;0.404605;0.379783;0.347732;0.268721;0.153547;0.000000;0.550773;0.638195,1;1;2;6;7;1;1;0;3;5,0.0,2560,960
1692847004.437381.png,10,0.340154;0.553116;0.271476;0.360309;0.422674;0.225333;0.071724;0.000000;0.494425;0.471647,1;1;2;3;4;1;1;0;1;4,0.0,2560,960
1692847004.773460.png,10,0.508116;0.573034;0.417018;0.482662;0.266853;0.352384;0.000000;0.370956;0.141495;0.385172,1;1;3;4;2;1;0;3;1;5,0.053019,2560,960
1692847005.105580.png,10,0.504980;0.599614;0.428754;0.336899;0.498860;0.204659;0.053998;0.066977;0.154179;0.564037,1;1;2;4;3;1;1;1;1;2,0.0,2560,960
1692847005.437441.png,10,0.632846;0.664775;0.401656;0.490904;0.386733;0.105968;0.091442;0.141041;0.263809;0.466644,1;1;3;5;6;1;1;1;1;5,0.0,2560,960
1692847005.773356.png,10,0.498842;0.609465;0.433062;0.658303;0.639827;0.000000;0.058882;0.095160;0.000000;0.449287,1;1;1;4;4;0;1;1;0;2,0.089596,2560,960
1692847006.105649.png,10,0.543936;0.582772;0.344921;0.481752;0.335249;0.000000;0.069385;0.115770;0.418416;0.615243,2;2;1;5;4;0;1;1;3;3,0.075806,2560,960
1692847006.437314.png,10,0.656689;0.685044;0.451070;0.379118;0.477891;0.000000;0.100160;0.053483;0.195389;0.560687,2;2;1;3;2;0;1;1;3;3,0.063665,2560,960
1692847006.773749.png,10,0.622330;0.644607;0.344486;0.498431;0.530273;0.000000;0.099741;0.087349;0.609538;0.582309,3;2;2;5;3;0;1;1;2;6,0.0,2560,960
1692847007.105580.png,10,0.597747;0.645919;0.376936;0.426685;0.419226;0.000000;0.111785;0.000000;0.538466;0.538393,2;2;2;11;5;0;1;0;1;2,0.0,2560,960
1692847007.437363.png,10,0.527304;0.616627;0.402780;0.471438;0.533466;0.000000;0.104982;0.405366;0.000000;0.355809,2;1;2;2;6;0;1;1;0;4,0.0,2560,960
1692847007.773390.png,10,0.542326;0.580567;0.393463;0.621106;0.605428;0.000000;0.109409;0.261443;0.139678;0.285707,1;2;1;4;4;0;1;1;1;2,0.0,2560,960
1692847008.105449.png,10,0.547112;0.562090;0.351476;0.464142;0.432479;0.000000;0.095986;0.000000;0.000000;0.488593,2;1;2;3;4;0;1;0;0;6,0.0,2560,960
1692847008.437603.png,10,0.617436;0.643552;0.406653;0.234086;0.500045;0.000000;0.068497;0.228467;0.506517;0.563580,2;2;2;6;6;0;1;1;2;1,0.0,2560,960
1692847008.773747.png,10,0.644954;0.655723;0.384319;0.354380;0.445594;0.000000;0.180639;0.395173;0.257341;0.364101,2;2;4;3;6;0;1;3;4;3,0.0,2560,960
1692847009.105855.png,10,0.538030;0.572461;0.401211;0.493529;0.336960;0.000000;0.000000;0.100292;0.107108;0.406088,1;1;2;9;5;0;0;2;1;3,0.0,2560,960
1692847009.437529.png,10,0.566779;0.583879;0.399379;0.456944;0.374925;0.000000;0.059867;0.215193;0.000000;0.449361,2;1;3;5;6;0;1;4;0;5,0.0,2560,960
1692847009.773430.png,10,0.637807;0.663748;0.344625;0.616335;0.458564;0.063151;0.063471;0.000000;0.267608;0.539087,2;1;2;3;3;2;1;0;1;3,0.0,2560,960
1692847010.105824.png,10,0.670581;0.689500;0.354316;0.355919;0.281173;0.000000;0.156437;0.000000;0.093699;0.384473,3;2;2;6;5;0;2;0;1;6,0.0,2560,960
1692847010.437628.png,10,0.661710;0.672655;0.342619;0.441247;0.223985;0.553048;0.702983;0.000000;0.185569;0.248799,2;2;2;4;5;1;2;0;4;5,0.0,2560,960
1692847010.773556.png,10,0.637791;0.640402;0.411200;0.389053;0.508889;0.571978;0.678679;0.457254;0.358356;0.000000,2;1;4;4;4;1;2;3;1;0,0.0,2560,960
1692847011.105502.png,10,0.657746;0.670806;0.403659;0.256312;0.155219;0.631579;0.712632;0.221700;0.550114;0.229297,1;1;3;2;4;1;2;2;1;6,0.0,2560,960
1692847011.437468.png,10,0.680641;0.689040;0.324303;0.561134;0.476946;0.646146;0.728950;0.060541;0.584365;0.523278,2;1;3;4;4;1;2;1;1;6,0.0,2560,960
1692847011.773416.png,10,0.669303;0.648775;0.433336;0.448128;0.536553;0.637389;0.691556;0.000000;0.532406;0.593386,1;1;2;7;3;1;2;0;5;6,0.0,2560,960
1692847012.105567.png,10,0.623837;0.627170;0.279597;0.594208;0.479779;0.590984;0.657162;0.079357;0.511352;0.564028,2;2;3;4;2;2;3;1;4;2,0.0,2560,960
1692847012.437478.png,10,0.571067;0.588702;0.421463;0.502165;0.197556;0.531443;0.627350;0.290973;0.388275;0.247293,2;2;2;3;5;2;2;3;5;8,0.0,2560,960
1692847012.773410.png,10,0.484659;0.544875;0.423397;0.563002;0.444897;0.392036;0.582763;0.438577;0.553445;0.535215,2;2;3;4;2;3;2;2;3;4,0.0,2560,960
1692847013.105492.png,10,0.516568;0.608925;0.387219;0.570129;0.416604;0.507164;0.659590;0.358579;0.268206;0.501378,2;2;3;2;6;3;2;1;1;4,0.0,2560,960
1692847013.437576.png,10,0.569894;0.658488;0.408461;0.534130;0.320843;0.576900;0.687646;0.249408;0.377347;0.226803,2;2;2;5;7;3;3;1;3;4,0.0,2560,960
1692847013.773469.png,10,0.571912;0.631561;0.365662;0.296560;0.310320;0.617248;0.674460;0.391831;0.398835;0.433915,2;2;4;7;6;3;2;3;4;7,0.0,2560,960
1692847014.105475.png,10,0.164225;0.209239;0.512096;0.590277;0.231596;0.224122;0.273155;0.000000;0.415810;0.292651,5;1;2;4;6;4;1;0;2;5,0.0,2560,960
1692847014.437565.png,10,0.419661;0.072362;0.393779;0.188675;0.547408;0.513154;0.000000;0.137230;0.264637;0.389233,2;1;2;3;6;2;0;2;1;4,0.059811,2560,960
1692847014.773469.png,10,0.088202;0.000000;0.454825;0.340779;0.497770;0.090611;0.098823;0.116494;0.000000;0.571929,1;0;2;2;4;2;1;1;0;3,0.0,2560,960
1692847015.105573.png,10,0.057974;0.000000;0.297750;0.352415;0.486995;0.101291;0.112118;0.000000;0.000000;0.529895,1;0;3;7;2;2;2;0;0;1,0.0,2560,960
1692847015.437505.png,10,0.168561;0.000000;0.362669;0.428747;0.359760;0.180169;0.074616;0.157213;0.569820;0.433603,1;0;2;5;4;2;1;3;5;6,0.0,2560,960
1692847015.773492.png,10,0.000000;0.145173;0.437313;0.483245;0.484296;0.081255;0.327288;0.501563;0.489556;0.563208,0;2;4;4;6;2;2;5;4;8,0.0,2560,960
1692847016.105556.png,10,0.000000;0.235362;0.330278;0.518908;0.154106;0.107784;0.473679;0.091365;0.373776;0.208892,0;2;2;3;4;3;2;2;5;5,0.0,2560,960
1692847016.437498.png,10,0.065455;0.204405;0.336479;0.643503;0.298287;0.113734;0.484130;0.068393;0.418563;0.500256,1;2;2;3;2;2;1;1;5;3,0.0,2560,960
1692847016.773484.png,10,0.243822;0.503958;0.337881;0.496314;0.158645;0.510440;0.637573;0.141468;0.614326;0.642066,2;2;2;10;4;3;1;1;5;5,0.0,2560,960
1692847017.105609.png,10,0.151882;0.444524;0.324088;0.539829;0.181592;0.453835;0.607102;0.215805;0.548103;0.300905,1;1;2;2;7;2;1;1;1;6,0.066572,2560,960
1692847017.437431.png,10,0.476486;0.623320;0.321809;0.489901;0.198091;0.663846;0.702647;0.000000;0.644485;0.234841,1;2;2;5;4;1;1;0;2;8,0.190209,2560,960
1692847017.775665.png,10,0.248699;0.525218;0.455226;0.460329;0.232104;0.552262;0.663559;0.312558;0.615175;0.305526,1;2;2;5;5;1;1;2;2;7,0.140198,2560,960
1692847018.105853.png,10,0.447366;0.581501;0.398252;0.364362;0.296257;0.661096;0.697101;0.000000;0.499425;0.401953,2;2;2;5;2;2;2;0;3;4,0.131521,2560,960
1692847018.437534.png,10,0.341039;0.423509;0.395993;0.454963;0.421709;0.599266;0.597618;0.153303;0.543521;0.522984,1;2;2;6;6;1;2;3;2;4,0.13266,2560,960
1692847018.773412.png,10,0.503270;0.606970;0.289152;0.581163;0.481868;0.677555;0.682039;0.344227;0.664068;0.502755,2;3;3;4;4;2;3;2;2;5,0.090128,2560,960
1692847019.105532.png,10,0.409108;0.581620;0.316557;0.620120;0.577643;0.667188;0.685867;0.083961;0.382648;0.513989,2;2;2;4;6;3;2;1;7;9,0.090565,2560,960
1692847019.437461.png,10,0.377463;0.554776;0.394808;0.381459;0.402488;0.663586;0.664050;0.401452;0.472700;0.374148,2;1;3;3;4;1;1;5;2;7,0.107759,2560,960
1692847019.773409.png,10,0.439775;0.546112;0.420338;0.286557;0.366167;0.697672;0.688040;0.141786;0.460662;0.504403,2;1;3;10;3;2;1;2;5;4,0.148469,2560,960
1692847020.105582.png,10,0.433334;0.566656;0.349458;0.526627;0.612538;0.681990;0.680078;0.000000;0.610944;0.530651,2;1;2;3;5;2;1;0;2;4,0.09935,2560,960
1692847020.437925.png,10,0.532113;0.559181;0.386992;0.409245;0.229019;0.671420;0.630662;0.138170;0.575895;0.610158,3;2;3;4;7;3;2;2;5;4,0.065611,2560,960
1692847020.774239.png,10,0.369965;0.436609;0.313800;0.430677;0.406489;0.660678;0.617110;0.061874;0.561731;0.486148,1;1;2;7;4;2;1;1;4;3,0.056846,2560,960
1692847021.104981.png,10,0.548257;0.627227;0.369519;0.619342;0.218560;0.685866;0.680912;0.559192;0.452805;0.277641,1;1;3;6;2;1;1;2;4;2,0.064004,2560,960
1692847021.441656.png,10,0.205429;0.418298;0.372489;0.422432;0.402170;0.570936;0.585419;0.000000;0.574317;0.634882,2;3;2;5;5;2;2;0;2;3,0.059951,2560,960
1692847021.777747.png,10,0.599808;0.634283;0.298689;0.518834;0.066760;0.698748;0.673342;0.073530;0.496760;0.129276,1;2;2;8;2;1;2;1;5;4,0.066735,2560,960
1692847022.105437.png,10,0.621125;0.638459;0.294154;0.640373;0.221392;0.698225;0.683771;0.000000;0.623779;0.467767,2;2;1;4;4;2;2;0;2;6,0.0,2560,960
1692847022.437324.png,10,0.506830;0.548181;0.337545;0.428032;0.598143;0.654473;0.646111;0.246639;0.512091;0.652582,1;2;2;6;7;1;1;1;1;6,0.0,2560,960
1692847022.777913.png,10,0.443408;0.565748;0.364785;0.602709;0.400412;0.642035;0.651172;0.000000;0.617053;0.256842,1;2;3;4;3;1;1;0;3;2,0.052472,2560,960
1692847023.109932.png,10,0.472579;0.626169;0.257331;0.572811;0.336858;0.681724;0.691487;0.193832;0.630323;0.505126,1;1;2;4;4;1;1;2;2;3,0.058204,2560,960
1692847023.437216.png,10,0.405562;0.624270;0.328066;0.562914;0.284833;0.670409;0.708919;0.065116;0.639853;0.531638,2;3;3;4;6;1;3;1;3;6,0.059904,2560,960
1692847023.773649.png,10,0.328022;0.565537;0.364242;0.344619;0.465656;0.590427;0.651542;0.094921;0.536268;0.357238,1;2;2;7;6;1;1;3;5;7,0.057416,2560,960
1692847024.105675.png,10,0.148590;0.479468;0.352953;0.269338;0.262480;0.474508;0.660163;0.144515;0.518230;0.532792,1;2;2;6;4;1;3;1;4;6,0.056437,2560,960
1692847024.437544.png,10,0.112940;0.555591;0.298779;0.491774;0.258750;0.469593;0.696806;0.000000;0.537400;0.368912,1;3;2;3;4;1;3;0;5;7,0.0,2560,960
1692847024.773472.png,10,0.157703;0.594153;0.351977;0.516919;0.479266;0.504396;0.715812;0.411601;0.608372;0.567363,1;3;3;6;2;1;3;1;5;3,0.0,2560,960
1692847025.105519.png,10,0.107411;0.585860;0.341297;0.522449;0.134602;0.471211;0.713397;0.052157;0.517803;0.351535,1;3;2;3;4;1;2;1;1;7,0.051362,2560,960
1692847025.437557.png,10,0.426023;0.577575;0.393521;0.383681;0.348700;0.643250;0.678386;0.345393;0.637767;0.652403,2;2;6;6;3;2;2;5;5;5,0.062608,2560,960
1692847025.773448.png,10,0.425243;0.637978;0.334059;0.458443;0.493981;0.626287;0.717594;0.000000;0.369116;0.606232,2;3;2;2;4;2;2;0;5;5,0.096641,2560,960
1692847026.105699.png,10,0.575250;0.670450;0.392021;0.559475;0.179849;0.680247;0.723024;0.000000;0.576485;0.416016,2;3;2;5;3;2;3;0;5;7,0.142389,2560,960
1692847026.437867.png,10,0.270869;0.574383;0.334653;0.519380;0.249971;0.572568;0.662682;0.563236;0.585733;0.612323,2;3;3;2;4;2;3;2;4;7,0.153992,2560,960
1692847026.773413.png,10,0.328363;0.571577;0.279673;0.473358;0.593159;0.582940;0.661609;0.000000;0.605386;0.609152,2;3;2;4;2;3;3;0;3;3,0.066945,2560,960
1692847027.105669.png,10,0.209286;0.556261;0.429131;0.501523;0.230275;0.502477;0.635974;0.565089;0.641066;0.460113,2;3;3;9;2;2;3;1;3;5,0.154221,2560,960
1692847027.437490.png,10,0.321741;0.638979;0.376718;0.523214;0.337549;0.569837;0.680954;0.379508;0.603973;0.500921,2;3;4;5;4;2;3;2;4;6,0.180319,2560,960
1692847027.773703.png,10,0.338635;0.611218;0.373633;0.518561;0.179977;0.533828;0.674295;0.000000;0.636674;0.460246,2;3;2;2;4;3;2;0;3;5,0.159484,2560,960
1692847028.105716.png,10,0.283565;0.585810;0.427698;0.480085;0.525314;0.571142;0.661057;0.000000;0.628563;0.478758,2;3;2;5;4;2;2;0;4;4,0.182101,2560,960
1692847028.437428.png,10,0.373156;0.611101;0.342143;0.224586;0.321391;0.595589;0.665013;0.065073;0.487391;0.529308,2;2;2;6;6;2;2;1;4;5,0.254566,2560,960
1692847028.773459.png,10,0.335106;0.614487;0.450892;0.560695;0.399823;0.555372;0.670348;0.162115;0.305866;0.384129,1;2;3;5;6;3;2;1;3;7,0.235855,2560,960
1692847029.105675.png,10,0.424472;0.695211;0.360781;0.528817;0.500099;0.612394;0.716396;0.000000;0.661499;0.526035,3;3;1;5;7;3;3;0;3;7,0.24244,2560,960
1692847029.437538.png,10,0.237454;0.590752;0.339006;0.555348;0.158287;0.511125;0.660453;0.000000;0.568871;0.411571,2;1;2;7;4;3;1;0;5;6,0.1904,2560,960
1692847029.773603.png,10,0.171020;0.505817;0.403119;0.468587;0.382344;0.525560;0.636082;0.472901;0.557766;0.408336,1;1;3;3;5;2;1;1;3;8,0.299452,2560,960
1692847030.105517.png,10,0.458397;0.657520;0.386679;0.396011;0.469048;0.634454;0.711833;0.000000;0.398299;0.470828,2;2;2;6;4;2;2;0;3;3,0.31799,2560,960
1692847030.437771.png,10,0.405425;0.611535;0.379810;0.463906;0.421092;0.608018;0.683991;0.455323;0.591954;0.463064,1;1;4;7;7;2;1;2;2;7,0.311604,2560,960
1692847030.773315.png,10,0.445793;0.638109;0.365900;0.632412;0.530474;0.711971;0.720674;0.000000;0.473166;0.408886,1;3;1;3;4;1;2;0;5;5,0.346977,2560,960
1692847031.105434.png,10,0.398602;0.647286;0.380262;0.606958;0.430550;0.690796;0.706795;0.000000;0.598058;0.440022,1;2;2;4;4;1;2;0;5;8,0.372019,2560,960
1692847031.437369.png,10,0.449039;0.638948;0.392494;0.505213;0.320699;0.669074;0.705351;0.247454;0.621578;0.603333,2;3;3;4;3;2;3;5;2;4,0.256573,2560,960
1692847031.773438.png,10,0.348215;0.488496;0.341186;0.664004;0.158313;0.545617;0.606640;0.129426;0.469379;0.226024,1;2;2;5;3;1;3;1;3;6,0.175642,2560,960
1692847032.105493.png,10,0.335799;0.421491;0.354348;0.483530;0.394504;0.493862;0.564543;0.000000;0.578810;0.481685,1;3;2;5;4;1;3;0;4;6,0.191621,2560,960
1692847032.437600.png,10,0.480515;0.562771;0.323578;0.505584;0.308476;0.628552;0.683386;0.514564;0.379583;0.370490,2;2;4;5;4;2;3;2;4;4,0.137377,2560,960
1692847032.773379.png,10,0.000000;0.127997;0.396191;0.596335;0.537992;0.156163;0.186757;0.453006;0.454442;0.217921,0;5;3;3;5;1;3;2;3;4,0.179143,2560,960
1692847033.105468.png,10,0.000000;0.208304;0.319963;0.368373;0.543774;0.099710;0.277981;0.150416;0.508861;0.364154,0;4;2;6;4;3;3;2;6;4,0.147499,2560,960
1692847033.437497.png,10,0.166596;0.267627;0.317632;0.562968;0.481582;0.312317;0.455519;0.061293;0.473123;0.548589,3;5;2;4;5;3;4;1;1;3,0.124197,2560,960
1692847033.773391.png,10,0.577130;0.608583;0.432420;0.448014;0.580730;0.657381;0.663011;0.300941;0.565561;0.585297,2;2;3;5;9;2;2;1;3;4,0.104659,2560,960
1692847034.105433.png,10,0.589903;0.630319;0.336373;0.514199;0.493539;0.649179;0.684590;0.410399;0.523531;0.545468,1;1;4;6;4;2;1;3;4;2,0.078799,2560,960
1692847034.437758.png,10,0.639171;0.630860;0.333150;0.451569;0.370788;0.652509;0.676075;0.498902;0.404132;0.244345,1;2;3;4;5;1;2;2;1;5,0.063994,2560,960
1692847034.773341.png,10,0.638421;0.607188;0.342886;0.683262;0.580045;0.635956;0.624638;0.263371;0.704683;0.446201,2;3;4;5;5;2;2;3;4;8,0.095236,2560,960
1692847035.105584.png,10,0.624614;0.619140;0.428988;0.643527;0.342241;0.596411;0.648549;0.000000;0.660382;0.415176,2;3;2;3;6;2;2;0;2;6,0.055995,2560,960
1692847035.437832.png,10,0.669898;0.679067;0.348767;0.634347;0.536300;0.691448;0.735116;0.072113;0.631195;0.493598,2;3;2;3;2;1;2;2;2;3,0.0,2560,960
1692847035.773677.png,10,0.586999;0.558060;0.366819;0.527211;0.327570;0.567322;0.622800;0.000000;0.561849;0.244251,1;2;2;4;4;1;2;0;3;4,0.0,2560,960
1692847036.105533.png,10,0.647781;0.638610;0.355131;0.678058;0.410060;0.654868;0.699743;0.289455;0.652511;0.436835,1;2;3;4;7;1;2;1;4;3,0.0,2560,960
1692847036.437556.png,10,0.657670;0.653813;0.321384;0.508348;0.382479;0.673626;0.726185;0.237499;0.595812;0.380902,2;3;3;4;6;2;2;2;4;7,0.0,2560,960
1692847036.773571.png,10,0.647574;0.643212;0.400758;0.559704;0.239940;0.650146;0.729603;0.307493;0.615753;0.306287,1;2;3;2;3;1;2;3;1;3,0.0,2560,960
1692847037.105559.png,10,0.700419;0.709277;0.331384;0.578563;0.682262;0.712787;0.755000;0.187166;0.609846;0.714557,1;2;2;4;4;1;2;3;3;2,0.0,2560,960
1692847037.437510.png,10,0.733273;0.741897;0.335255;0.587275;0.397644;0.751403;0.782137;0.186504;0.605497;0.410986,2;3;1;3;6;2;2;1;3;6,0.0,2560,960
1692847037.773432.png,10,0.636250;0.650549;0.351086;0.557380;0.430991;0.636231;0.693163;0.000000;0.588761;0.532122,2;3;2;5;3;2;3;0;5;4,0.0,2560,960
1692847038.105618.png,10,0.699177;0.717137;0.315634;0.484093;0.353885;0.726163;0.763597;0.072155;0.616827;0.363144,2;3;1;7;6;2;2;1;4;4,0.0,2560,960
1692847038.437395.png,10,0.691748;0.700592;0.270684;0.628708;0.223384;0.718248;0.765722;0.053282;0.604431;0.289391,2;2;2;3;5;1;1;1;4;7,0.0,2560,960
1692847038.773291.png,10,0.713504;0.721978;0.335183;0.678571;0.561712;0.741180;0.765130;0.486605;0.641815;0.610511,2;2;3;6;7;1;2;1;3;3,0.0,2560,960
1692847039.105489.png,10,0.674504;0.687226;0.380137;0.528048;0.459479;0.696610;0.739489;0.000000;0.577788;0.473942,2;3;2;7;6;2;2;0;4;3,0.0,2560,960
1692847039.437478.png,10,0.701037;0.709957;0.305109;0.702306;0.552622;0.690668;0.740129;0.412004;0.645391;0.647483,2;1;1;3;6;2;4;2;4;4,0.0,2560,960
1692847039.773348.png,10,0.655832;0.664505;0.337018;0.667013;0.528369;0.602175;0.693931;0.140505;0.260600;0.553899,2;3;2;2;5;2;2;1;4;5,0.0,2560,960
1692847040.105380.png,10,0.642989;0.651336;0.379867;0.651354;0.373041;0.505223;0.664716;0.000000;0.263004;0.455080,2;3;2;4;5;2;4;0;3;4,0.112873,2560,960
1692847040.437486.png,10,0.637171;0.644309;0.299970;0.593806;0.475461;0.472363;0.643617;0.000000;0.209328;0.524624,2;3;2;4;8;2;2;0;2;4,0.188679,2560,960
1692847040.774957.png,10,0.704042;0.719578;0.276567;0.587112;0.285233;0.645065;0.741844;0.137392;0.266057;0.427078,2;2;2;6;4;2;3;2;1;4,0.223565,2560,960
1692847041.105482.png,10,0.697711;0.711731;0.272464;0.639238;0.351920;0.266835;0.305754;0.403324;0.000000;0.352949,1;2;2;4;8;3;3;1;0;6,0.203183,2560,960
1692847041.437435.png,10,0.728577;0.745528;0.375587;0.626606;0.358975;0.000000;0.091387;0.229427;0.063274;0.512105,1;2;2;3;3;0;2;1;2;7,0.194689,2560,960
1692847041.773132.png,10,0.686634;0.698438;0.347905;0.352098;0.329083;0.000000;0.078157;0.299022;0.530423;0.472086,1;1;3;6;5;0;1;2;4;6,0.241079,2560,960
1692847042.105658.png,10,0.633222;0.651207;0.426189;0.554483;0.309745;0.000000;0.204738;0.075799;0.519038;0.561742,2;2;2;3;2;0;1;1;2;2,0.11094,2560,960
1692847042.437796.png,10,0.658744;0.669360;0.393238;0.616054;0.171417;0.000000;0.130517;0.296498;0.515998;0.306319,2;3;2;4;6;0;1;2;3;5,0.083247,2560,960
1692847042.773164.png,10,0.702681;0.708659;0.326094;0.506164;0.303189;0.000000;0.154738;0.063109;0.000000;0.305913,1;1;1;4;9;0;2;2;0;5,0.236016,2560,960
1692847043.110310.png,10,0.630316;0.652034;0.325504;0.577129;0.312270;0.000000;0.080716;0.068318;0.500997;0.382969,3;2;2;5;6;0;1;1;2;3,0.133915,2560,960
1692847043.437446.png,10,0.708234;0.713724;0.411214;0.589484;0.339598;0.000000;0.112076;0.289892;0.267857;0.357778,1;1;3;4;7;0;1;1;2;7,0.107394,2560,960
1692847043.773422.png,10,0.657654;0.672884;0.442760;0.644575;0.584819;0.000000;0.128434;0.133715;0.000000;0.642527,2;1;2;2;4;0;1;1;0;4,0.153453,2560,960
1692847044.105467.png,10,0.651487;0.666680;0.395521;0.541892;0.484571;0.000000;0.220545;0.000000;0.237323;0.673896,2;2;2;5;7;0;3;0;3;7,0.136463,2560,960
1692847044.437550.png,10,0.669179;0.678276;0.411261;0.536720;0.296120;0.000000;0.105169;0.472599;0.471921;0.300941,2;2;3;7;4;0;2;4;5;5,0.098126,2560,960
1692847044.773427.png,10,0.674946;0.689390;0.442145;0.535453;0.276296;0.000000;0.144690;0.066381;0.414931;0.302227,2;2;2;3;2;0;2;1;2;3,0.073329,2560,960
1692847045.105442.png,10,0.674026;0.686468;0.409760;0.638125;0.382640;0.000000;0.201856;0.301805;0.592492;0.592387,1;1;4;5;3;0;2;2;4;3,0.193428,2560,960
1692847045.437477.png,10,0.658635;0.673535;0.431611;0.424512;0.127670;0.000000;0.188198;0.236365;0.000000;0.421576,2;2;2;2;2;0;1;2;0;2,0.242768,2560,960
1692847045.773443.png,10,0.605840;0.650227;0.077135;0.601201;0.241392;0.000000;0.184924;0.000000;0.000000;0.352308,2;2;2;2;3;0;1;0;0;4,0.303823,2560,960
1692847046.105680.png,10,0.666054;0.691251;0.442257;0.594294;0.440618;0.000000;0.136903;0.126989;0.579974;0.442605,2;1;2;5;7;0;1;2;3;5,0.320365,2560,960
1692847046.437464.png,10,0.652556;0.687184;0.338458;0.396270;0.183963;0.000000;0.227695;0.000000;0.436517;0.074511,2;2;2;5;3;0;2;0;3;2,0.254346,2560,960
1692847046.773475.png,10,0.657059;0.694378;0.366678;0.519653;0.504008;0.065800;0.213635;0.445742;0.296480;0.514888,1;1;3;6;5;1;2;1;2;6,0.250927,2560,960
1692847047.105480.png,10,0.668531;0.691004;0.418547;0.237900;0.550862;0.056723;0.240770;0.000000;0.290821;0.629221,2;2;2;4;6;1;2;0;3;4,0.173149,2560,960
1692847047.437438.png,10,0.688183;0.707890;0.401138;0.607939;0.453068;0.140311;0.291221;0.000000;0.225654;0.482158,1;1;2;2;5;1;3;0;2;5,0.164627,2560,960
1692847047.777881.png,10,0.641855;0.691004;0.366963;0.563534;0.484376;0.000000;0.279190;0.000000;0.400114;0.551530,1;1;1;4;4;0;3;0;3;5,0.171203,2560,960
1692847048.105503.png,10,0.592871;0.659768;0.411071;0.550052;0.165084;0.000000;0.246949;0.462243;0.346777;0.470704,2;1;4;4;3;0;3;2;2;4,0.093189,2560,960
1692847048.437661.png,10,0.657390;0.679999;0.286974;0.243558;0.664451;0.000000;0.323386;0.470473;0.274645;0.287720,2;1;2;6;8;0;3;1;5;7,0.071359,2560,960
1692847048.769534.png,10,0.583888;0.648391;0.454552;0.402397;0.524158;0.000000;0.296757;0.522063;0.475721;0.555608,1;1;4;3;5;0;2;3;3;6,0.130731,2560,960
1692847049.105635.png,10,0.603350;0.645473;0.365589;0.464895;0.592301;0.000000;0.312561;0.186377;0.000000;0.653337,2;2;4;4;4;0;2;2;0;6,0.105112,2560,960
1692847049.437640.png,10,0.615187;0.670276;0.491878;0.547506;0.577915;0.057553;0.265205;0.121269;0.361524;0.618294,2;3;3;3;2;1;2;1;3;4,0.0,2560,960
1692847049.769698.png,10,0.566800;0.677902;0.359077;0.291260;0.528899;0.000000;0.326713;0.168955;0.067859;0.583747,1;2;2;2;2;0;3;1;1;2,0.0,2560,960
1692847050.105717.png,10,0.413070;0.552997;0.339461;0.553942;0.475123;0.050764;0.234152;0.130852;0.000000;0.512666,2;3;3;1;5;1;3;1;0;2,0.0,2560,960
1692847050.437509.png,10,0.537639;0.641802;0.381767;0.377501;0.489565;0.000000;0.218538;0.000000;0.281772;0.400229,2;4;2;3;6;0;2;0;4;9,0.0,2560,960
1692847050.769778.png,10,0.597158;0.673222;0.389969;0.477289;0.481883;0.000000;0.282859;0.000000;0.477701;0.514957,2;3;1;2;4;0;3;0;1;7,0.0,2560,960
1692847051.105544.png,10,0.428783;0.630602;0.424537;0.443342;0.539366;0.000000;0.278756;0.318487;0.000000;0.628141,1;2;4;3;2;0;2;4;0;2,0.0,2560,960
1692847051.437504.png,10,0.476785;0.666820;0.439493;0.551737;0.390175;0.000000;0.255046;0.312126;0.198923;0.489912,1;2;3;1;4;0;2;2;1;5,0.0,2560,960
1692847051.769892.png,10,0.430338;0.666710;0.382102;0.416879;0.579828;0.000000;0.237659;0.259258;0.309022;0.370748,1;3;4;5;5;0;2;2;3;4,0.0,2560,960
1692847052.105541.png,10,0.503692;0.697318;0.434791;0.447542;0.265819;0.000000;0.282176;0.000000;0.253546;0.345664,2;3;2;2;3;0;5;0;1;4,0.0,2560,960
1692847052.438080.png,10,0.533533;0.681182;0.280476;0.294560;0.494420;0.000000;0.286219;0.082764;0.365011;0.537421,1;3;2;3;5;0;3;1;5;5,0.0,2560,960
1692847052.769967.png,10,0.450999;0.638587;0.401886;0.460993;0.425678;0.055901;0.249693;0.384535;0.567725;0.625677,2;3;3;4;1;1;3;2;2;3,0.0,2560,960
1692847053.105507.png,10,0.388045;0.621071;0.330976;0.330156;0.425712;0.059071;0.201791;0.547329;0.520424;0.499825,2;4;4;3;5;1;3;3;2;4,0.0,2560,960
1692847053.437634.png,10,0.587311;0.672070;0.413231;0.480963;0.650740;0.000000;0.230697;0.160373;0.504236;0.692196,2;3;2;9;3;0;3;2;2;2,0.0,2560,960
1692847053.769672.png,10,0.543047;0.658080;0.409826;0.472280;0.490628;0.061008;0.281352;0.063011;0.482390;0.652301,2;3;2;3;4;1;3;1;2;4,0.0,2560,960
1692847054.105546.png,10,0.528615;0.600927;0.422664;0.546467;0.594797;0.082797;0.243139;0.381915;0.159616;0.589741,2;2;2;2;4;1;3;3;2;3,0.0,2560,960
1692847054.437546.png,10,0.079180;0.399582;0.363400;0.498449;0.475817;0.000000;0.197950;0.000000;0.353039;0.503108,1;3;2;3;5;0;3;0;3;4,0.0,2560,960
1692847054.769600.png,10,0.115250;0.210588;0.393944;0.499987;0.534666;0.000000;0.159179;0.455558;0.314355;0.318417,2;3;3;4;11;0;4;2;2;6,0.0,2560,960
1692847055.105492.png,10,0.000000;0.187580;0.437739;0.453149;0.467771;0.000000;0.156062;0.083380;0.593081;0.495945,0;1;2;2;3;0;4;2;2;3,0.0,2560,960
1692847055.437485.png,10,0.000000;0.121054;0.411302;0.600065;0.245884;0.000000;0.219526;0.053965;0.301533;0.402524,0;1;2;2;4;0;5;1;1;4,0.0,2560,960
1692847055.769576.png,10,0.000000;0.133077;0.464945;0.386232;0.403168;0.000000;0.214261;0.139977;0.440262;0.368005,0;1;3;4;5;0;3;2;3;8,0.0,2560,960
1692847056.105679.png,10,0.000000;0.097044;0.438037;0.504083;0.520410;0.000000;0.262092;0.221727;0.063507;0.480900,0;2;3;3;4;0;3;1;1;5,0.0,2560,960
1692847056.437758.png,10,0.000000;0.125063;0.458775;0.076190;0.279566;0.000000;0.228586;0.402228;0.383995;0.342556,0;1;3;3;6;0;3;1;7;4,0.0,2560,960
1692847056.769660.png,10,0.000000;0.079982;0.396847;0.415586;0.593686;0.000000;0.245078;0.355538;0.350239;0.602550,0;1;3;5;6;0;3;3;1;7,0.0,2560,960
1692847057.105709.png,10,0.000000;0.100509;0.454627;0.094000;0.540309;0.000000;0.270116;0.000000;0.533635;0.616136,0;2;2;1;2;0;3;0;1;1,0.0,2560,960
1692847057.437511.png,10,0.000000;0.050556;0.468460;0.443216;0.253102;0.000000;0.172386;0.224116;0.552939;0.306424,0;1;3;2;3;0;3;2;3;8,0.0,2560,960
